seq,frame,track_id,lost_duration,gpr_sigma_px,cost,track_recent_speed,implied_speed,motion_ratio,nearest_active_iou,nearest_active_dist,n_neighbors,track_last_cx,track_last_cy,track_last_w,track_last_h,pred_cx,pred_cy,pred_w,pred_h,det_cx,det_cy,det_w,det_h,det_score
MOT17-02-FRCNN,15,8,2,4.00059324502852,0.05357684235312943,4.959051229003505,3.3430244979721495,0.67412582439563,0.645907455389203,55.5965064875136,19,1123.0216938449146,665.1859224074766,182.10802316938378,486.73362154139056,1125.973672918764,664.2225965728273,171.88990418081175,484.6534605761867,1128.5999755859375,661.5,175.5,472.5,0.3359435796737671
MOT17-02-FRCNN,24,22,2,2.1889935017863933,0.13266609278756825,1.9216522430164782,1.234686872742589,0.6425131691905202,0.025869370995635004,78.14197378674136,5,1139.014347581583,492.22614919747014,35.774225917047374,90.70797205272873,1135.915260735945,493.1976134853271,36.962933439581775,93.79243566613485,1136.7000732421875,493.08750915527344,33.75,89.10000610351562,0.2119215726852417
MOT17-02-FRCNN,31,22,2,2.0058774660361762,0.11921322632231579,0.7758508552979231,0.8228465748291905,1.060573136203119,0.0356874121272916,78.95062073181793,6,1135.3133748281928,492.3702908374671,33.30574222688479,89.47227180399216,1134.4416349220573,493.90182585358804,34.26715040344288,91.8871643700644,1135.3500366210938,490.7250061035156,32.4000244140625,88.42498779296875,0.20676803588867188
MOT17-02-FRCNN,31,32,1,0.5327780524289945,0.12100222839444807,0.7930577372046234,0.18905626992603994,0.23838903658191027,0.27698199179213767,16.171618442158923,1,992.078686808004,486.25762693983626,24.74811581648245,65.69631896705111,991.7745903302848,486.5796218013117,25.59724739186595,67.79304222829012,992.2500305175781,486.3375244140625,24.29998779296875,62.7750244140625,0.5526509284973145
MOT17-02-FRCNN,61,24,2,1.4288580673518614,0.1463929410631699,1.5002169148351099,1.6652751117834115,1.1100228875678577,0.0,65.12482561341467,1,892.3945411075952,480.61911131428934,25.31427708803658,65.46975768167964,893.86660913351,481.0527360051727,25.16885755596809,68.61499896703629,895.7250366210938,480.6000213623047,27.0,67.50003051757812,0.1412036418914795
MOT17-02-FRCNN,69,28,1,1.3429001309001247,0.041391879744844484,1.7662360319714658,0.8309937018256175,0.470488477634592,0.0,300.4212842586091,1,1569.7519041166297,488.5993323756394,41.76002069450876,116.38276629331276,1569.4940872790662,488.74194342636395,42.02258557673895,114.41808487195794,1570.050048828125,489.375,43.199951171875,116.0999755859375,0.14179766178131104
MOT17-02-FRCNN,70,28,1,1.2925079922422555,0.08347136535580812,1.8695011233917598,1.7780567978595172,0.9510862419989677,0.0,301.55486070812,1,1570.7434048565044,489.002394423404,42.644913549429035,116.26031680292117,1570.1377503356748,488.7859468459645,42.75548310391923,116.08009441806223,1571.4000244140625,487.3500213623047,43.199951171875,119.47500610351562,0.3414602279663086
MOT17-02-FRCNN,73,28,1,1.2982703557907027,0.08950544778897918,2.392336432804849,2.9498584132776577,1.233044973452648,0.0,306.8083955397675,1,1576.8504050821932,492.4658582709645,40.77229602909841,108.84531475973071,1579.751822755821,493.28520683131967,41.70901644405194,113.31930081974707,1579.5,493.76251220703125,43.199951171875,106.6500244140625,0.4495229721069336
MOT17-02-FRCNN,85,4,2,3.972024308595474,0.1470452320686697,3.9976284869722205,3.0420875838846224,0.7609730603527596,0.44201177926470014,95.4717150131173,4,1060.9996826436366,571.4846159390444,117.53589810217416,264.80472888023945,1060.4200013770617,562.232052488573,116.40126868957634,264.72328122701583,1057.0500183105469,576.1125030517578,120.14996337890625,284.1750183105469,0.2031097412109375
MOT17-02-FRCNN,86,17,30,1.7815065582442537,0.1219109112705844,1.1846525848108815,0.2852616364024965,0.24079771576916437,0.08953776277190346,40.943990225518945,1,1006.6158190630789,489.25677816279887,38.40754912575894,103.41317782210706,1005.2111089425158,494.5252569289762,38.88448268397474,102.1598909096312,1006.4250183105469,497.8125,36.45001220703125,99.2249755859375,0.1559543013572693
MOT17-02-FRCNN,86,9,9,1.255882288981538,0.14152828433637,0.7180299589895298,0.3422071677960908,0.4765917682288251,0.1964863171468042,16.166373117615727,1,593.7864127428568,483.29573224338236,20.412160071015425,56.37184498499118,591.3719728292815,485.672766773863,20.457801394624084,57.62502320591341,592.3125,486.00001525878906,21.5999755859375,61.425018310546875,0.26321732997894287
MOT17-02-FRCNN,93,5,6,2.134105774542628,0.12031223404939984,1.7244087436880953,0.6031926336491038,0.34979678446713275,0.22592652989184114,28.224995131743313,2,434.56407448484026,517.9572007839354,42.6137977657516,109.48688409477717,434.23236318463694,518.6410292889358,42.73470529867643,111.46272859849682,433.01251220703125,514.6875,43.875,104.625,0.26082873344421387
MOT17-02-FRCNN,93,8,2,3.5530905981016585,0.05298953286274011,2.759634234707518,1.360455625360089,0.4929840368878733,0.6051395355789748,43.559669761106534,15,1204.8131263551174,665.9365614162521,167.3500825884525,497.9271263129185,1201.005230929772,664.6892226360773,166.34089173650227,496.62685548400555,1204.2000732421875,668.5875091552734,162.0,496.1250305175781,0.3914315700531006
MOT17-02-FRCNN,99,21,11,2.3049899137476877,0.09427387124117936,1.2199997203034871,0.3851038232009319,0.31565894384396537,0.4550357797263688,13.215627387154719,2,446.06237947496675,506.0878444560441,38.43281095564079,92.24892412864085,446.4261229425229,506.04359528107864,36.866743703796374,96.08949951563073,446.51251220703125,510.3000030517578,37.125,91.80001831054688,0.10703372955322266
MOT17-02-FRCNN,100,29,1,2.093892642394814,0.14081697826166895,2.295383590142478,6.453793655972181,2.811640583163524,0.0786877076495739,25.449726367306603,1,529.2020636609496,490.5352469670137,23.30803881163263,64.64388073714468,522.7910448443007,487.299956557266,24.16717793522497,66.10621988882389,523.125,488.3625183105469,27.0,68.85003662109375,0.40752315521240234
MOT17-02-FRCNN,103,8,3,4.101277937962338,0.0840355715900053,3.437667785073269,0.05870757751968742,0.017077734438040282,0.6990706342700942,48.76936170592086,15,1185.8255264446896,665.643093996944,168.44894135404004,506.14229938057787,1189.5244021650458,665.3858468023845,166.34864944651508,506.18534614118084,1185.9750366210938,665.5500030517578,167.4000244140625,483.3000183105469,0.3278195858001709
MOT17-02-FRCNN,115,13,1,0.5227630294136169,0.08089454884446468,0.7073445487525576,1.2720507869089481,1.7983467733684837,0.06596826441864836,82.15061254623735,1,632.941482204544,495.4691735476159,25.902000828986104,78.84043577233831,633.1993727121587,495.4029114135468,25.717638043027137,77.37269117632013,634.1625061035156,495.1125030517578,24.29998779296875,77.62496948242188,0.17666500806808472
MOT17-02-FRCNN,130,11,9,2.49878597973937,0.09914146882672414,0.4849291099499914,0.43667572091189855,0.9004939319005432,0.1725169184059113,18.424670192376496,5,579.7038493949503,485.56314946738615,21.00772587851798,56.58163912648111,576.4368938868593,485.3843881570191,20.820474540919122,56.607010096312194,575.7750244140625,485.6625213623047,22.2750244140625,58.725006103515625,0.36160945892333984
MOT17-02-FRCNN,158,13,13,4.177424214950398,0.09632504399107589,0.7097194965916931,0.3997749583853801,0.5632858619570565,0.004996963766923414,132.29082815374835,1,633.819459593973,499.37494999154995,26.93703399269456,86.00263933184371,637.3410424868042,494.0080089531166,26.265018115240764,79.8535146039294,637.875,496.125,24.9749755859375,82.3499755859375,0.4417855739593506
MOT17-02-FRCNN,162,36,10,3.764680970541936,0.14129440535426563,2.3421366123113603,0.36255426166435556,0.15479637684608216,0.05777610793302331,33.154915920186,8,568.8810924341997,489.10906724860547,27.742966930487523,76.23405768643795,572.0715999232165,491.97230714295,27.078930245678748,75.49143848696815,570.3750305175781,492.4125061035156,26.32501220703125,73.57501220703125,0.17576217651367188
MOT17-02-FRCNN,165,47,1,0.8395393803757771,0.09621724846967239,0.6432539422872456,1.0163771859823552,1.5800558988700157,0.3085593969748,15.502237719314838,1,996.073319320565,493.2934729300538,28.33720957570434,72.50843258203778,995.8531706607024,492.8554214873213,28.524528577618867,73.69710533287741,996.9750061035156,493.7624969482422,29.70001220703125,73.57498168945312,0.40587425231933594
MOT17-02-FRCNN,166,57,10,6.828322971210059,0.1327594124103555,1.3876951528091896,0.8081090229566021,0.5823390110722095,0.11858577652683602,28.439371738461997,1,507.99827522793225,512.633770098499,35.646558611624826,92.81688522069497,509.5090740748069,502.97804391765476,35.93376174680367,93.3267039667266,507.6000061035156,504.5625,34.42498779296875,91.125,0.17128735780715942
MOT17-02-FRCNN,169,47,1,0.8281155175950846,0.016020545097860994,0.6544189349286891,1.088147574694989,1.6627690866150786,0.3169687994424067,14.560926495103201,1,997.3819948735046,491.8532415213768,28.322752499329603,72.11155093400421,996.134111540095,491.575688187231,28.443066595758864,72.12937376612848,996.3000183105469,491.7375183105469,28.35003662109375,72.22503662109375,0.2009725570678711
MOT17-02-FRCNN,171,67,11,1.8188874177141572,0.10602869087591793,1.7486023909644404,0.22829450633221696,0.1305582718586478,0.06111237965898838,80.95192379955812,1,1205.2304317540209,502.6504105464758,51.738586729572496,128.29623840000886,1207.2442923902095,500.4387596787395,48.74735069761027,121.51221967042477,1207.5750122070312,503.5500030517578,45.9000244140625,118.12496948242188,0.14760804176330566
MOT17-02-FRCNN,171,47,1,0.7974041014465293,0.06561612114786453,0.5813361258922853,0.753857635033396,1.2967672254606741,0.32559371739727816,14.275536747233922,2,997.0213692294279,491.9565027522947,29.147229215046757,72.85919569204297,996.8456154259285,491.9345793359479,28.588545477858133,72.33127852792705,996.3000183105469,491.7375183105469,28.35003662109375,70.20001220703125,0.22744274139404297
MOT17-02-FRCNN,176,19,3,4.6223252627916755,0.11666105875749222,0.507943858987733,0.8530182445125963,1.6793553646116568,0.15455372359536848,44.280613289636975,1,476.26336372750615,501.00772495740415,30.146923052874325,77.41614705075472,478.08082407653797,502.88845145034554,30.64933105856062,78.31046059348779,477.5625,503.2124938964844,34.42498779296875,78.29998779296875,0.22120893001556396
MOT17-02-FRCNN,177,72,2,2.054544411476424,0.11499894825198764,2.885868041129198,2.0640079375027045,0.7152121677383032,0.5861094048032812,23.594026150205124,3,1125.7297979728544,529.4904698532816,34.14064822136306,118.33145607390118,1126.2209336689473,529.6939595311115,34.44160408634207,118.14347894401834,1125.2250366210938,533.5875091552734,36.4500732421875,114.75003051757812,0.5588138103485107
MOT17-02-FRCNN,181,11,2,1.6733282776885605,0.09644171936424528,0.7085742361466775,0.3991200048339213,0.5632719685158042,0.4648179500077693,7.878620324807724,1,565.5906697045206,483.65512919376124,20.65195179822083,56.229815212469994,565.9754637262188,484.8574926312645,20.94703074042536,56.20741757304279,565.9874877929688,482.96250915527344,20.25,56.024993896484375,0.5050048828125
MOT17-02-FRCNN,181,72,1,1.801301860400895,0.041966667335922914,1.2722425989879964,1.0534733084160828,0.8280443598210487,0.5918393206950429,20.364534907658182,4,1127.202725976374,531.3960417242324,35.530093597256574,115.89045407967592,1126.2018208864888,530.4996043006033,35.70419797945806,116.19244886524353,1126.5750122070312,530.5500030517578,35.0999755859375,118.80001831054688,0.4218618869781494
MOT17-02-FRCNN,186,17,1,0.8625897635190651,0.09799026444223524,0.8591310101283498,2.2430536199429985,2.6108400156664087,0.2252739658877912,20.874264859189385,1,1029.9486261882062,494.5809796561734,30.06927666578098,84.38219295730917,1030.0746980596448,494.8624170086018,30.452411714191385,85.90348835731442,1029.3750305175781,492.4125061035156,31.04998779296875,81.67498779296875,0.5659031867980957
MOT17-02-FRCNN,201,2,1,1.3106821631316465,0.09997066617201333,1.797086976125161,1.7406489379982475,0.9685947097292953,0.5588705811438506,12.634232490191716,2,444.2958549881786,508.5832907584439,37.93317696840728,92.11135659614608,443.64073825343604,508.93663967270663,38.21681545020192,91.31422605779812,444.8249969482422,506.9250183105469,38.475006103515625,90.45001220703125,0.2829265594482422
MOT17-02-FRCNN,202,17,7,2.6485862478988764,0.1366387674205235,1.2653396736634726,0.1558332139368969,0.12315524216965476,0.48955158900515966,11.900530981193311,2,1032.3866187607894,491.1903523538882,31.138482914482626,83.32427209948743,1031.180407756501,492.97178707814277,31.423472137951194,82.04898978872973,1031.4000244140625,490.7250061035156,33.75,88.42498779296875,0.2717735767364502
MOT17-02-FRCNN,204,63,2,1.1020002267886697,0.14901317069718645,1.343962078188583,0.40514387655663,0.30145484246303317,0.36681841098261997,16.289345604328204,1,1043.1872975919318,492.3629403710074,35.60759146366276,90.24830913379765,1043.7247827955093,494.26199993414303,36.26274257635532,89.93530501445878,1043.5500183105469,493.08750915527344,39.14996337890625,97.87503051757812,0.5535674095153809
MOT17-02-FRCNN,223,2,2,1.752879612072883,0.09524778278457613,1.1952747916443862,0.6066558210843818,0.507545064386225,0.5692342923986082,15.33357106286533,1,442.5989132395406,504.6669324955502,36.73185070442427,88.65593612036417,442.5624092087788,506.3490070043196,36.45324949292842,87.22644229655191,442.125,503.5500030517578,37.79998779296875,88.42501831054688,0.10205894708633423
MOT17-02-FRCNN,226,86,3,0.3204132209128839,0.08838095378722732,0.6446492342504024,0.08499756303652034,0.1318508710172524,0.0,34.800737410064094,1,632.374140884635,488.1283076651263,22.994423429815605,53.87976346082713,631.9335102690898,488.59779843564564,22.95125400046868,53.65617705332795,632.4750061035156,488.3625030517578,22.27496337890625,51.300018310546875,0.18094462156295776
MOT17-02-FRCNN,243,73,5,1.4883346686703607,0.09314918775059078,0.9652191754533284,0.23486184071017596,0.24332488069341338,0.5805509757809019,6.656265151200427,1,564.8571840606314,486.92690260064904,23.242854936530826,62.96653332452138,563.951998501755,485.4131656570946,23.524034765011265,64.7811702011997,563.9624938964844,487.68751525878906,22.95001220703125,61.425018310546875,0.1287606954574585
MOT17-02-FRCNN,246,9,7,1.406235040379841,0.14175005720641676,0.7409806660727271,0.5504934474648151,0.7429255210969085,0.47624875363306984,14.874839715022722,3,600.4687412955544,481.14640172507967,20.58058198041038,48.929292836059425,597.7609724311628,481.3967405787066,21.007113388081052,50.49712616338297,596.7000122070312,481.95001220703125,21.5999755859375,53.32501220703125,0.13080406188964844
MOT17-02-FRCNN,246,73,2,0.8644206270143,0.03599952198482059,1.602602711031857,0.44281626682276976,0.2763106937075232,0.6403782119255855,7.1430299479795165,2,562.9263928133637,489.89684364698155,22.964705383208702,62.834406383756075,562.3979321525271,490.15809502804166,23.06910786449407,62.47533190434575,562.6125183105469,490.72499084472656,22.95001220703125,62.774993896484375,0.14043134450912476
MOT17-02-FRCNN,248,86,2,0.5139608856187613,0.05475506212310155,0.6331920295817319,0.21557503090030247,0.34045758763373096,0.0,35.26904482536117,1,631.7546790341855,488.1642025583749,22.26385267466878,53.777705928254186,632.0055326365617,487.7007414134553,22.23128429644248,54.68240717678566,632.1375122070312,488.3625183105469,22.949951171875,53.32501220703125,0.13164103031158447
MOT17-02-FRCNN,251,9,4,1.342079932597806,0.13442549731284426,1.07420055650419,0.4233645037861721,0.3941205403616086,0.4309790739062005,19.242375710365852,3,596.6202202072702,479.07846628489267,22.02878988161644,49.73098469039634,596.5663534003704,479.3530327763838,21.374995965116796,50.53322687490993,597.375,477.56251525878906,22.2750244140625,49.274993896484375,0.13225525617599487
MOT17-02-FRCNN,253,86,1,0.5340540061230717,0.03133133736579463,0.6589535480838405,0.2834007275828831,0.4300769430667444,0.0,34.80978599040146,1,632.3126930011471,487.1177273213628,22.965577847552932,55.55194627977973,632.2101606588311,487.29236848732273,22.956242161988484,55.17890012054005,632.4750366210938,487.3500213623047,23.625,55.350006103515625,0.19312065839767456
MOT17-02-FRCNN,256,51,17,8.54858972667391,0.14087863302831438,1.4540733389656202,1.2209709341413817,0.83969006337049,0.10233154874183814,35.60430177474914,4,1039.3087462650738,489.6726754886244,29.144697091850556,76.80895091747804,1017.8448512323662,492.5907159272926,28.61740453025095,74.43101679083554,1018.5750427246094,488.70001220703125,29.70001220703125,81.0,0.4206812381744385
MOT17-02-FRCNN,258,13,2,1.116627666514015,0.04635379996369804,1.1836197521149323,0.7140842187885953,0.6033054260142627,0.22795073642983352,21.531217759238235,2,683.3597901701386,499.445648534312,27.12165565166563,89.03521296871227,682.8177942527599,500.5013063545224,27.75514498020175,87.45066772524837,683.1000061035156,500.84999084472656,28.35003662109375,89.77499389648438,0.36867284774780273
MOT17-02-FRCNN,260,73,14,1.6174001404049316,0.1432673404320164,1.0713493234445055,0.3795820898984769,0.3543028231707646,0.5454590324387623,7.67427261976994,3,562.6786250836194,490.540770926619,22.955242546670345,62.79416044881528,564.9043778415454,487.6028143256784,22.973237067873924,62.41787427911032,566.3250122070312,486.6750183105469,22.2750244140625,62.10003662109375,0.42808055877685547
MOT17-02-FRCNN,271,87,2,2.3728268973503712,0.08254490700356953,0.7858889291255418,0.3697759320101669,0.4705193295210513,0.680917472573389,4.631390129907783,3,576.5931397915596,491.4505911067973,23.727410826411916,70.88709435241766,575.7562158133022,489.778787759657,22.910776955676283,70.02763721552714,576.4500122070312,490.7250213623047,23.625,68.85000610351562,0.5264139175415039
MOT17-02-FRCNN,280,51,16,8.326213084318725,0.14931262994546868,1.1385291020103525,0.3069426302129035,0.26959577025384857,0.24992645681695513,21.531111527501032,5,1018.5460625592897,493.27349962882585,33.10175049013329,86.42825841644776,1017.2464120223146,491.72027357205917,32.01122832117062,84.09619923024968,1018.5750427246094,488.3625030517578,33.75006103515625,91.12496948242188,0.22097241878509521
MOT17-02-FRCNN,284,11,4,2.6276347302279968,0.061857175436227374,1.3084419416303594,0.5904000647960757,0.4512237387166134,0.6744123360863684,5.110229926656245,1,564.432608663587,500.004065695135,28.92084289175745,78.42443932719824,565.6243654786185,498.9802775828226,27.221557775317024,76.82483894072544,565.3125305175781,497.81251525878906,26.32501220703125,76.27499389648438,0.26424646377563477
MOT17-02-FRCNN,288,51,2,4.5374813286031745,0.09070364142493414,2.3228900732719406,0.5985265721706062,0.2576646131719625,0.6667130166981288,5.877255279881098,1,1007.5975214933326,493.18381325774783,28.804369590319727,83.36821102225309,1005.8171315251917,491.2429694564453,29.500616341667865,82.09403468964291,1006.4250183105469,493.4250030517578,28.35003662109375,81.67501831054688,0.3617058992385864
MOT17-02-FRCNN,291,77,1,2.1124101898891925,0.12171642548325834,3.4642583641917453,2.836150565368926,0.8186891008721386,0.14574647219502504,89.2577337832001,1,1277.677980761746,487.81927599165897,35.190590409797394,95.39410387252065,1279.1227211333955,490.16783426537614,36.21673574443912,97.9275560535101,1280.4750366210938,487.34999084472656,37.7999267578125,96.52499389648438,0.564572811126709
MOT17-02-FRCNN,298,77,1,1.960638243926446,0.085159455358778,3.0730821036679385,4.003492172129497,1.302761214010862,0.18261644796379092,82.48385376047099,1,1297.428984878578,493.2537936405128,44.27345940840808,114.6446621676473,1299.9636923602254,493.77467685050476,44.99534297973241,111.78574680579368,1301.4000244140625,493.76251220703125,45.89990234375,114.75,0.5970382690429688
MOT17-04-FRCNN,12,129,4,0.6973357982128362,0.13477524842371635,0.7458884108608961,0.5181363780526145,0.6946566946315565,0.6975602942925598,18.90824868502821,2,246.18961900321133,194.0147913972983,52.38985575289645,171.3216989373417,247.31772748383662,193.5702733832211,52.27503331522459,170.47588397470702,244.1812515258789,194.52655792236328,54.33750915527344,175.24685668945312,0.4113854169845581
MOT17-04-FRCNN,22,138,2,1.594382377798548,0.11421165367171404,2.310544933495361,1.6882308913193984,0.7306635187420768,0.6975425583095743,25.447066426526188,1,386.2179232784831,171.1328330267465,51.529053065208124,155.9513098939282,385.61875770009874,171.5553223297512,51.41127264368606,158.137350668818,383.0625,169.9312515258789,49.95001220703125,155.58749389648438,0.3004169464111328
MOT17-04-FRCNN,24,139,3,3.2846577187496355,0.13667227093843926,2.4048978466103166,0.5727355524994052,0.23815379655592075,0.4586873050550617,16.184507164617006,1,390.9934581491879,-11.030753038383693,38.4770917962868,131.92390424367693,393.4766232937105,-11.080189388699647,38.577009204450746,132.17008259057198,391.1625061035156,-12.740623474121094,39.1500244140625,136.01251220703125,0.40296435356140137
MOT17-04-FRCNN,29,140,1,2.2284917450536446,0.1432323655222134,3.365970054288292,3.4702636077092692,1.0309846943789966,0.2210381191985117,75.74333961770925,2,503.9823841565894,-15.945084115112252,51.15529281097388,150.03109505291042,504.80321191361026,-18.641859440250883,50.668645801431126,153.62739790498793,502.875,-12.65625,50.625,147.65625,0.4481935501098633
MOT17-04-FRCNN,42,142,3,1.7018970178378157,0.10296745540110008,2.362110387914007,4.882937174092417,2.0671926253220394,0.2026902303023327,62.93980872402068,1,467.1450120061529,7.657431576509424,48.304666650129285,152.38775049363196,466.84918220000384,-5.8483521785540376,47.31506398762417,150.2277871787438,464.7375030517578,-6.7921905517578125,49.274993896484375,153.47811889648438,0.4451131820678711
MOT17-04-FRCNN,43,142,1,0.5594478044948845,0.07359211991795844,2.843310423852398,1.2698105886032105,0.4465958334872018,0.2173498112285741,59.99729750940992,1,464.92930241528563,-3.6385089368150716,49.11112274634445,153.23938509177276,464.75278125705574,-5.621505650513242,48.384095598106796,152.7792519175526,464.7375183105469,-4.8937530517578125,50.625,157.6125030517578,0.46282529830932617
MOT17-04-FRCNN,48,141,1,0.35239720487553206,0.03479816341263342,0.3914553980049373,0.2395386879838675,0.6119182139387596,0.0,255.1983660923791,1,1251.3991508156807,83.51220246385375,64.5569620038822,89.89015177517639,1250.5926978698415,83.31902882579917,64.72523111209966,89.97480297225951,1251.4500122070312,83.27812576293945,64.7999267578125,90.7874984741211,0.5877571105957031
MOT17-04-FRCNN,54,141,1,0.314779778530119,0.017009394883347295,0.14974493573777936,0.6990683038743035,4.6683936283391425,0.0,258.6587587365201,1,1251.4730729128648,82.94506844063075,65.30259741441915,89.27382094470254,1251.254955641381,82.86633354259898,65.84085968294357,89.19281043751312,1250.7750244140625,82.98281478881836,66.14990234375,89.015625,0.48508214950561523
MOT17-04-FRCNN,55,125,2,1.1045507897629845,0.0860924386484595,1.1548198227575508,0.9356378596966674,0.8102024586506429,0.0,80.30055595182147,1,644.363485610362,140.74923647751834,52.518995192776494,144.15662508804482,643.7423744918308,141.18283566742463,52.08698138363684,147.0372799490748,642.9375,141.96094512939453,48.5999755859375,144.02813720703125,0.10941207408905029
MOT17-04-FRCNN,56,141,1,0.33894890677303874,0.020181794761897076,0.3416743270119429,0.19712531672790848,0.5769392112419911,0.0,259.0545005360223,1,1251.2913874064188,82.5935986312844,65.19133877936696,89.26250538435325,1251.0511728171045,82.84609552622265,65.44443163538199,89.21619857999957,1251.4500122070312,82.47656631469727,66.1500244140625,89.69062805175781,0.4748344421386719
MOT17-04-FRCNN,84,141,1,0.3538070942892223,0.043892642056420295,0.3753485383908727,0.8628130055453599,2.2986981892729834,0.0,259.9303378574989,1,1251.388215551837,82.71331751559482,62.83933471612571,91.61572104502225,1250.971861077696,82.69365518447248,64.10997799902361,90.70654205574823,1250.7750244140625,83.3203125,66.14990234375,89.859375,0.4506847858428955
MOT17-04-FRCNN,86,141,1,0.3720558694873409,0.0436849313387947,0.4706906108671816,0.5356005673630547,1.1379036568761922,0.0,260.60298397674865,1,1250.4379168670523,83.16635981209457,64.85029757207147,89.88263912319574,1250.9585675338358,82.84383988716824,64.20511824690766,90.67950881409908,1250.1000366210938,82.75078201293945,66.1500244140625,89.3109359741211,0.36100339889526367
MOT17-04-FRCNN,88,141,1,0.3761111508904007,0.014135326521306113,0.4830012840171368,0.2514919476246366,0.5206858779607586,0.0,259.9034995256898,1,1250.5251117850928,83.20780252072213,66.83755886932511,90.24402763496343,1250.9521106042935,82.84301484765845,65.78697518646459,89.88435255631981,1250.7750244140625,83.23594284057617,66.14990234375,89.85938262939453,0.2354130744934082
MOT17-04-FRCNN,89,141,1,0.37684520662017773,0.039255753886282774,0.37424802750609404,1.144499098119409,3.058129940580041,0.0,260.54474289826044,1,1250.6569793790825,83.2232847261127,66.43530344591092,90.01117120231908,1250.9524508127354,82.853329986399,66.31531047774433,89.92719658269425,1250.1000366210938,82.22343826293945,64.7999267578125,89.3531265258789,0.42216718196868896
MOT17-04-FRCNN,93,125,2,1.2094932119280286,0.08956525498869916,0.7119394634263836,1.1879515675382866,1.668613173683304,0.0,73.01398853711517,1,640.7399386148116,143.26162061956057,46.182344486884666,146.19262829211598,639.9029258856298,144.21026917834413,46.01776728524737,145.3195584159334,640.9125061035156,145.6312484741211,47.92498779296875,152.8874969482422,0.34812164306640625
MOT17-04-FRCNN,116,141,1,0.33861069860853354,0.07480328509623135,0.5520951639836118,1.8077806629967785,3.2744004673992038,0.0,261.27913468820157,1,1250.5932935660458,81.05478337465024,65.69349343536656,90.57447530247987,1250.7496205044708,81.47315402111141,65.24590573372689,91.6512762608524,1249.425048828125,82.43437576293945,67.5,95.17500305175781,0.4013538360595703
MOT17-04-FRCNN,118,141,1,0.3495509788383684,0.07303084819092609,0.9133672175025497,1.7313506048548777,1.8955690238028984,0.0,260.5906001766317,2,1250.4126381724382,82.93492150269856,65.58298147180815,94.79107225440815,1250.7679955525484,82.98221293966247,66.03913229119507,92.9587843913447,1250.0999755859375,81.23203659057617,67.5,98.08594512939453,0.49976110458374023
MOT17-04-FRCNN,126,115,2,2.130366920490039,0.0656965041315225,1.4321372799130465,1.823197605238285,1.2730606421676154,0.0,118.49373960238363,1,1530.2331656864471,269.61619481739564,50.41612027598007,167.354113315963,1528.9212351059848,269.47787974462625,49.526518339544964,167.23850013713934,1529.5499877929688,266.0343704223633,48.5999755859375,160.4812469482422,0.1543647050857544
MOT17-04-FRCNN,137,118,1,1.4017245131322944,0.08193117690884943,3.188844366699124,2.1096188534146036,0.6615621870559768,0.3436885695839748,73.50589545120363,1,495.6550084492731,-2.174878984209883,47.86928888333865,152.05005309019273,496.0166212098824,-3.8549778163210107,47.90884756818099,151.62572675056583,494.7749938964844,-4.092185974121094,47.92498779296875,156.9375,0.4414236545562744
MOT17-04-FRCNN,141,118,2,1.6273456295726394,0.05497578380989521,1.7518917151883628,1.0553325384133554,0.6023959867290578,0.3243297762932824,73.64496215147355,1,493.6700076422528,-3.9619286771635416,47.4340891086058,155.70694521504907,492.68784735597785,-3.5221080561786238,47.71999951112275,156.06558665442114,493.08750915527344,-5.990623474121094,46.574981689453125,151.875,0.37554359436035156
MOT17-04-FRCNN,146,115,2,2.1996515286492397,0.09507143690852549,1.3848728296575346,1.2958119998076214,0.9356902468279799,0.0,140.34587024459924,1,1521.2218221275227,247.3190865422395,51.33770577522925,169.1798702435729,1521.1028620124155,246.9837342278252,51.33518250341103,165.69345109881635,1520.1000366210938,244.98282623291016,51.2999267578125,176.25938415527344,0.29534435272216797
MOT17-04-FRCNN,151,115,2,2.1532593901784325,0.047054604182791615,1.6098526621869351,0.9007079182043288,0.5594971138419245,0.0,144.4898699806608,1,1517.692011432368,244.0784935153861,51.55361749416883,172.228341029391,1516.3886547569305,246.00221828915144,52.19384770847364,173.42160505371345,1516.050048828125,243.33750915527344,51.300048828125,171.78750610351562,0.13283884525299072
MOT17-04-FRCNN,154,115,3,2.9010640327960866,0.04868095456406141,1.5322988543210234,0.9399278490547522,0.6134102668054552,0.0,143.82117977948573,1,1516.0924663638568,243.18781680975707,51.367815732022926,171.91474615465344,1513.5473943552338,247.45024421786644,51.630561382255564,172.34301973146069,1513.3500366210938,243.84375762939453,51.2999267578125,171.4499969482422,0.16471266746520996
MOT17-04-FRCNN,175,116,2,1.7552644488184121,0.11467306939796906,2.3291342726202133,1.2808012366612735,0.5499044223072664,0.03191678697679227,62.84693874731794,1,949.5716214884571,-53.74951464704956,46.05147963566161,126.52562039087404,948.1718086831157,-49.10623755338719,44.525034507334794,121.30406304248191,947.0250244140625,-53.47265625,45.9000244140625,124.2421875,0.35262346267700195
MOT17-04-FRCNN,188,146,4,1.165723975119039,0.1232890240120813,1.1981264263748663,0.45144515021268433,0.3767925823809828,0.0,57.094296813260996,1,1605.6693558036181,-27.928323208837355,43.18245242228458,133.5594156728684,1606.9411277159222,-29.654578708019955,43.293358399866065,131.7960487066146,1605.1500244140625,-29.657814025878906,43.199951171875,138.6281280517578,0.3711364269256592
MOT17-04-FRCNN,190,150,1,0.313923514057932,0.015011537043982282,0.2922626877279016,0.31028095105102776,1.061650919120751,0.0,215.9057218580053,1,1250.7575018886707,81.51287275849747,63.47100576108044,95.95685252797765,1250.8784456981132,81.58104010880626,63.475376733718804,96.35489375220271,1250.7750244140625,81.82265853881836,63.449951171875,95.21719360351562,0.38341736793518066
MOT17-04-FRCNN,191,146,3,1.1205158993714157,0.07730363800287665,1.0850904420887197,1.156602959530434,1.0659046607249234,0.0,57.36536273343899,1,1604.9868727579953,-29.316366234118888,43.19131813832214,137.86791445935498,1605.5096018330466,-30.05120290189164,43.2099087901056,134.3230361695291,1605.1500244140625,-25.85039520263672,43.199951171875,130.88671875,0.18947505950927734
MOT17-04-FRCNN,200,114,1,1.5283783053405016,0.07643236441838952,3.7130757495703905,1.3947748281179249,0.37563866782930644,0.006629498993828319,50.426226703987005,1,1553.8273895023567,-46.949156878294275,46.461143146145616,134.7139743207103,1555.7172082538796,-44.19845763777387,47.92123330662025,134.16252533308383,1555.2000122070312,-46.701560974121094,45.9000244140625,135.75938415527344,0.34007835388183594
MOT17-04-FRCNN,206,150,1,0.28925437380767727,0.04978188408907769,0.4602598870144734,0.3266597678693715,0.7097289533274042,0.0,244.65102617834447,1,1251.2012033966075,81.27349506595795,64.65826774928138,94.78904586735757,1251.208619511489,81.25198692911948,64.19213132700634,94.79540569842948,1251.4500122070312,81.48515701293945,62.0999755859375,96.56718444824219,0.19098567962646484
MOT17-04-FRCNN,234,150,1,0.27968939584048397,0.018414949511371348,0.4368089437419802,0.22562437376767358,0.5165287409979138,0.0,249.70326806780318,1,1251.4466013074211,80.54237244883628,63.578398788357106,94.85138907523599,1251.5336262143342,81.26953999952175,63.12677053344714,95.35949493356327,1251.4500122070312,80.76797103881836,63.4500732421875,96.65156555175781,0.2771573066711426
MOT17-04-FRCNN,241,150,1,0.27698111570634837,0.03982438086516071,0.43927412202899124,0.8442238588324221,1.921861126107276,0.0,243.24267644820708,1,1250.6105982981903,80.62593215190219,64.5345518460994,95.54682819388404,1250.5634924516332,80.85188785651127,63.76769418200047,96.55290244132472,1251.4500122070312,80.53594207763672,62.0999755859375,97.79063415527344,0.42178118228912354
MOT17-04-FRCNN,244,150,1,0.2861864768171959,0.03028570061281277,0.3885654258137633,0.6054936958631417,1.5582799076759615,0.0,207.84835378517803,1,1250.2226346348436,80.56218973853427,63.39184888805223,96.61035022368561,1250.5111152487134,80.76006900470534,63.235544158984794,96.697903716374,1250.7750244140625,80.8101577758789,63.449951171875,94.54219055175781,0.30158042907714844
MOT17-04-FRCNN,245,150,1,0.2845563840271787,0.030082811015489708,0.4354207582050972,0.9431853870450211,2.166147041158636,0.0,207.77566769001035,1,1250.5335998034284,80.713588023008,63.43925849620732,95.30814585359634,1250.540185403853,80.84976214844374,63.374226124146844,96.14527095327293,1251.4500122070312,80.93671798706055,63.4500732421875,96.31405639648438,0.5572090148925781
MOT17-04-FRCNN,247,150,1,0.28928721582105515,0.023008735118744128,0.3470341466125724,0.5487802323710359,1.5813436162629035,0.0,207.72708541412607,1,1251.3069276242086,80.71317198492088,62.596598507594095,96.87006263337133,1251.1382224236281,80.88193660395066,63.16124353497844,96.03893617687845,1250.7750244140625,80.57812118530273,62.10009765625,95.68124389648438,0.4156990051269531
MOT17-04-FRCNN,249,150,1,0.2924072269151683,0.025512394574694786,0.33946710914990896,0.6679078944733913,1.9675187270600716,0.0,207.67835978018235,1,1250.8514681407105,80.73539731928584,62.99920973323247,95.52957933744159,1251.0990953173664,80.82126358681364,62.620022373008396,96.17848313808281,1250.7750244140625,80.07187843322754,62.10009765625,97.03125762939453,0.3893471956253052
MOT17-04-FRCNN,250,150,1,0.29644010204070176,0.013577678331659015,0.3040223920984283,0.29774238402051856,0.9793436002046962,0.0,207.43212668811117,1,1250.797546887868,80.30233096078673,62.42802331815898,96.47593179003441,1250.988704057682,80.55414440282426,62.56383064319698,96.04710619030382,1250.7750244140625,80.5992202758789,62.10009765625,96.65156555175781,0.21358728408813477
MOT17-04-FRCNN,251,150,1,0.296924983301733,0.02151316275561188,0.285644729750702,0.5220947977987384,1.8277767570030068,0.0,206.08558328285082,1,1250.762162715543,80.46725075844874,62.20960280989339,96.59501705408269,1250.8762042247033,80.59336770124023,62.545611953761636,96.20017606051954,1250.7750244140625,79.94531440734863,62.10009765625,97.62187957763672,0.3152148723602295
MOT17-04-FRCNN,252,150,1,0.2984613310841171,0.02805868312427462,0.2855008725541656,0.35122138272830866,1.2301937279076949,0.0,205.67881733678507,1,1250.7716822247232,80.14254223079159,62.12446642403122,97.25608222247436,1250.8045237671336,80.40312355312061,62.25403085069456,96.77567702219713,1250.7750244140625,80.49374771118164,63.449951171875,95.84999084472656,0.5017251968383789
MOT17-04-FRCNN,258,148,4,2.701416129764778,0.11586597960924294,1.1492776684137191,0.9111578142505476,0.7928091176679397,0.6636475611522981,19.07769170544873,1,502.2029231917237,142.07132514796677,51.282700764450794,160.08648318901092,502.9445957720267,143.16863879983492,52.23204164201189,160.66982185085203,501.5249938964844,145.65235137939453,47.92498779296875,154.87033081054688,0.1267024278640747
MOT17-04-FRCNN,258,150,1,0.2918430892336441,0.03515371969498027,0.33850472085317473,0.48097818634219214,1.4208906308010245,0.0,203.07216510553002,1,1251.252860084742,80.65410996682455,62.08647184392125,96.48054438972511,1251.1926736761684,80.49531369870907,62.10032940275687,95.94736886510802,1250.7750244140625,80.59921836853027,63.449951171875,97.3265609741211,0.39418625831604004
MOT17-04-FRCNN,266,150,1,0.29635326889994557,0.02232465501706349,0.3478829667802531,0.3748344805800963,1.077472933065066,0.0,195.52419463864425,1,1251.1489557264326,80.60794253469511,63.46757340298487,96.31388925788463,1250.9949570380081,80.7136461199767,63.46143935622558,96.06401687160152,1251.4500122070312,80.83124923706055,63.4500732421875,96.86249542236328,0.44107580184936523
MOT17-04-FRCNN,271,150,1,0.2911000337186863,0.023155735255633192,0.4406061735613705,0.7953576003012771,1.8051440220923154,0.0,192.77285648383113,1,1251.6276060347604,80.98409589306472,62.148428829747026,96.30894553970025,1251.599929356626,80.8660389082859,62.34103654751971,96.50585859592002,1251.4500122070312,81.75937271118164,62.0999755859375,95.84999084472656,0.4588381052017212
MOT17-04-FRCNN,273,150,1,0.2899381187934144,0.026541603067454567,0.4922070829428023,0.5599085003840145,1.1375466135847532,0.0,192.2947131702458,1,1251.496255807287,81.11503101804696,63.79410641038314,96.6377095302907,1251.386466530363,81.16957142636443,62.681961161836625,96.3228350442107,1251.4500122070312,80.55703544616699,63.4500732421875,97.74844360351562,0.5812883377075195
MOT17-04-FRCNN,281,112,2,1.362640957025236,0.146749769394515,3.203792549671906,2.890653765649559,0.902259968719131,0.14793065978525716,72.08479889260528,1,1579.5013207694924,128.94037709565202,54.27365986066956,150.55683403926386,1576.7572507969571,132.14339172794953,55.23382755153307,156.18840081704826,1574.1000366210938,126.87891006469727,59.4000244140625,155.2921905517578,0.4299020767211914
MOT17-04-FRCNN,282,150,1,0.3066471800065095,0.0356461504770077,0.22539067677739844,0.15349508676806686,0.6810179061650474,0.0,185.1642084908011,1,1250.7228073259726,82.01581978143115,64.38949313195603,95.95629265674339,1250.9855665813743,81.85945139019348,63.998833341307545,96.32736829947734,1250.7750244140625,82.16016006469727,62.10009765625,96.22969055175781,0.48291778564453125
MOT17-04-FRCNN,288,112,2,1.4590729136467395,0.14697445102729312,1.726322981185152,1.616160236550237,0.9361864808407484,0.23478995323425697,69.28898087553844,1,1570.7378126649455,123.82143438413416,61.55589009467172,151.76162022990727,1572.3171601762376,122.63618633888936,63.58256681293824,155.59259563258922,1568.7000122070312,126.33047103881836,64.7999267578125,154.70156860351562,0.12274771928787231
MOT17-04-FRCNN,291,112,3,2.0570675168493553,0.11579879302974516,1.6318160117596654,0.6421597013268011,0.3935245742774209,0.2707012533701132,67.18813559586616,1,1568.743110665049,125.19316314884716,64.05087861303439,153.97459328413098,1569.7034881006534,127.78167518835478,63.466480522419715,153.93283989086163,1567.3500366210938,123.86249923706055,64.7999267578125,157.27499389648438,0.1002347469329834
MOT17-04-FRCNN,295,112,4,2.4297127335065523,0.12773971178405386,1.4426765214882116,1.2049333642264155,0.835206885451668,0.3404719577843223,63.500769379695534,1,1567.0721479474043,123.65390554108916,64.66803504450041,156.67187045080024,1564.611120868729,122.84538779558132,63.42493458406898,154.1360279882795,1567.3500366210938,118.84218978881836,64.7999267578125,150.4406280517578,0.20970821380615234
MOT17-04-FRCNN,299,112,3,2.001938304245337,0.13481108382443008,0.8786977147678134,1.7342203576945225,1.9736256605068923,0.4349287072868847,53.56211327045271,1,1566.8985327709433,118.70959429673817,64.79842351470243,151.04766266127842,1569.5938174992361,118.89801992696843,64.75111657598018,153.0313277119762,1567.3500366210938,113.52656173706055,62.0999755859375,142.171875,0.20344805717468262
MOT17-04-FRCNN,301,151,2,1.843915954984639,0.09108204320582924,3.1139648533916513,0.4318281856909285,0.13867471407732565,0.08479330898202757,59.46201203355912,1,276.0488029593484,39.05911540628981,48.650799440198824,145.83788576024057,276.12279621191146,41.37230540261963,48.65825214750339,147.89897033429614,275.7375030517578,38.25351333618164,46.912506103515625,139.4929656982422,0.2132248878479004
MOT17-04-FRCNN,307,151,1,1.868333456352305,0.07450268774805946,1.6385618046105561,2.9314014946505265,1.789008804185598,0.05867802897011059,58.32403759260254,1,276.56456539183284,40.56785523990578,49.33022601119216,145.2552431726303,276.36453264967287,38.93227808087855,48.931676905629956,143.82112665356095,276.4124984741211,43.495309829711914,49.61250305175781,145.88436889648438,0.4136073589324951
MOT17-04-FRCNN,308,151,1,1.8944222634286112,0.023992532424510493,1.4104350842991895,2.169380352890132,1.538093016147598,0.05055977630526398,58.784184828867,1,276.4711350580508,42.48868008063416,49.524949518755314,145.65289816143513,276.3875962558309,39.00108218773683,49.23131323050521,144.44733358021745,276.2437515258789,40.33124923706055,48.93748474121094,146.1374969482422,0.2831447124481201
MOT17-04-FRCNN,313,151,3,1.9118553433598937,0.05142248500527635,0.9704013922819625,0.11248828480954388,0.1159193357555066,0.08539451043073057,59.276015407137855,1,276.2358044206925,41.861702244242764,48.897229102928726,143.13620519818252,276.00298205759566,39.24180944150258,48.964412269057675,144.12413606493593,275.90625762939453,41.93437576293945,48.26249694824219,139.0500030517578,0.5150032043457031
MOT17-04-FRCNN,316,151,1,1.9638914184695972,0.04274335586490252,1.4505037959074636,1.216838094452259,0.8389072113327227,0.08946390375120279,59.75277662924766,1,275.5173887572324,36.40186370413755,48.64998424861618,144.95878147508637,275.81354002318375,39.25828594047405,48.592866023246074,143.1744753214683,276.2437515258789,37.37812805175781,48.93748474121094,145.63125610351562,0.2158794403076172
MOT17-04-FRCNN,324,151,1,1.4509297879121306,0.030147115657629397,0.8516277778946126,2.625049157584534,3.082390248089558,0.049790516877356646,59.73407129233798,1,276.14554364097035,44.769414503417664,47.4099850450908,139.22749265878014,275.7764304933378,43.41176546279979,47.692379588149265,139.89938687095315,276.0750045776367,42.14531326293945,47.25001525878906,140.3156280517578,0.49749183654785156
MOT17-04-FRCNN,327,151,1,1.4715827141485265,0.03462879129310781,0.8673027432406547,1.275733504518497,1.4709206381058488,0.05628579533065162,59.16870714803479,1,275.9635835887087,44.44280202869467,47.09828003840484,139.05220298950354,275.7890372677165,43.430155756997024,47.28392285297423,140.22262210534515,276.5812454223633,43.32656288146973,46.57499694824219,140.3156280517578,0.13956284523010254
MOT17-04-FRCNN,333,129,3,0.9954656833149389,0.058007020865845194,0.7445396460839322,0.5026422733191888,0.6751047791248523,0.7039774740592667,9.332475397510521,1,232.23740116126547,181.61707326846167,44.22811993867599,178.18827466118634,231.63708300077607,182.6368617156803,45.421456673791,179.24389573837277,230.85000610351562,182.20781707763672,43.875,174.9093780517578,0.38982295989990234
MOT17-04-FRCNN,334,162,1,0.7505303113052466,0.13061219338453223,0.8372399833742603,2.9452555265071134,3.517815184407569,0.04326712832339233,122.36678401978936,1,1549.8055238155828,-33.29394205364697,48.649660532986196,119.21896328937171,1549.5415851949622,-33.44308429390007,48.75056450413149,120.58021789343823,1552.5,-32.10468673706055,51.300048828125,119.55937957763672,0.519498348236084
MOT17-04-FRCNN,335,162,1,0.7714633239958765,0.11951093555155812,1.0403353197870826,2.7119273800613404,2.606781994690298,0.044121658134166686,119.82442620898983,1,1551.5147318690983,-32.51310849041517,50.33956938625105,119.40930729291402,1551.2619410024552,-32.62602486340238,49.235376872170036,119.51891567967505,1553.8500366210938,-31.134376525878906,51.2999267578125,117.44999694824219,0.5456042289733887
MOT17-04-FRCNN,345,162,1,1.3123153867511144,0.04082915340364024,2.7540115923881197,2.911157844664595,1.0570608535965555,0.036569277146655345,111.21147237173477,2,1565.895878986906,-31.498588420691476,41.06714593464573,125.3904846219038,1565.1477432108566,-34.621072400865316,43.311256021377176,126.4751379098264,1564.6500244140625,-34.12968826293945,43.199951171875,124.1156234741211,0.5650568008422852
MOT17-04-FRCNN,347,160,2,1.6645427930061405,0.13530929379497258,1.6586444179214979,3.454908057777437,2.0829709010849333,0.685741059941139,21.33559549172297,1,274.2710110567707,164.98048714881074,51.76248236233164,165.97347344345016,275.8815625945967,165.81245898722122,50.332490491783375,164.43688217030973,274.5562515258789,158.0765609741211,50.96250915527344,168.4968719482422,0.11944413185119629
MOT17-04-FRCNN,352,151,1,1.3334685126647294,0.07521697664451488,1.2147660422822328,4.096701530742809,3.372420192983137,0.08845997124001945,61.29165225142346,1,275.59982949457424,38.358216865451546,46.974876223043495,145.60538955323202,275.769171575847,38.89856352791381,47.19941898420208,143.7963446829805,275.0625,42.41952705383301,47.25,147.36093139648438,0.5484960079193115
MOT17-04-FRCNN,371,151,2,1.6079572521426437,0.037847020086776206,0.8650213518174584,0.27700912334362465,0.32023385638009155,0.10994121001531106,59.828150809097494,1,276.1463484480271,38.23727292004145,46.00166224202369,143.52482239782017,275.86049124844317,38.88403287022756,46.44950876139072,143.17540835319213,276.58126068115234,38.580474853515625,45.56251525878906,144.23907470703125,0.24278759956359863
MOT17-04-FRCNN,376,162,5,4.3835806444593395,0.09337508229799474,2.2524752197061533,0.4796986637161867,0.2129651236646083,0.10933556890097237,94.67594229026824,1,1551.9596618638016,-30.796194832601607,50.34799703016186,127.59027860035958,1552.789073610592,-35.009208532367076,49.25380994953093,123.17074144011981,1551.1500244140625,-33.05390548706055,48.60009765625,123.9046859741211,0.13914227485656738
MOT17-04-FRCNN,377,170,3,3.161304904951537,0.11169127832006043,3.463078511047298,1.5819230081986877,0.4567967498144549,0.07177904219476389,81.20522276287862,1,1858.161834406373,749.7124417829942,63.10453218168006,222.69132610206182,1855.1033095426253,753.9340925499874,60.696147082209336,211.21349564005027,1856.2500610351562,745.3687744140625,62.0999755859375,212.9625244140625,0.15607774257659912
MOT17-04-FRCNN,379,151,1,1.1419097176793234,0.059059459067067444,2.127350074243942,3.606286181122537,1.695201097733859,0.11083539687578545,60.876146014283805,1,275.9756819129838,39.223654508947384,46.6843984261539,145.0932723344722,275.8610419764202,38.862720144094666,46.412742601831496,144.06583423205862,276.24375915527344,35.62734603881836,46.912506103515625,148.79531860351562,0.5135297775268555
MOT17-04-FRCNN,382,151,1,1.1482863347289425,0.02842428408890918,1.870712100793853,0.3899650848267968,0.20845809713921867,0.1239267852874431,59.51267159586482,1,275.91424945297206,40.32307361757833,47.43176648954121,146.41617086253459,275.8714360619732,40.5720184714021,47.130668206783184,146.81371944989482,276.2437515258789,40.53164291381836,47.24998474121094,144.89297485351562,0.5181012153625488
MOT17-04-FRCNN,386,162,10,4.544770601680076,0.0880842856249302,2.210411656084859,0.1531001122153835,0.06926316724485546,0.10473117321249717,92.65334590532909,1,1551.3177822083019,-32.67181278527953,48.83622127617387,124.39107900152078,1550.8334407465427,-34.9597802943341,49.28305827859003,124.58537535236398,1552.5000610351562,-33.64453125,45.9000244140625,123.3984375,0.1273500919342041
MOT17-04-FRCNN,387,151,2,1.4235679362417004,0.06314693490210344,1.033878032550665,0.6983788900415115,0.6754944665170528,0.1089466683880498,61.48280027786275,1,275.44574254583176,40.01398873500694,46.000940059204154,144.02354574724126,275.59635126752306,39.65282144495859,46.860277717874624,144.56559611943092,275.5687484741211,38.622657775878906,44.55000305175781,142.46719360351562,0.4067056179046631
MOT17-04-FRCNN,388,162,2,3.2698927505567257,0.12638052233298636,1.8013993213688224,2.5924616356828167,1.4391376775433071,0.09686998088937374,98.1609864578012,2,1552.452989036319,-33.5451126077822,46.06840991047066,123.45045338606994,1552.0475867239181,-34.9172486695425,48.41754273893548,125.14393699598341,1553.8500366210938,-38.53827667236328,51.2999267578125,133.18594360351562,0.141082763671875
MOT17-04-FRCNN,388,176,1,1.617133690176833,0.06466899281648564,2.7225377616691793,4.118145347000574,1.5126127560029698,0.10779198417994193,54.45511389653901,2,366.4435532482793,-35.22512125910461,48.04623710458774,139.11486893300983,370.6177775015094,-35.184929140832125,48.793743226451056,138.97598652493934,369.8156280517578,-37.58906555175781,49.443756103515625,141.1593780517578,0.4663705825805664
MOT17-04-FRCNN,392,162,4,4.525723471535338,0.12630767171779755,1.7155434438451094,0.6448290566613293,0.37587451310242,0.08531983981089962,99.42740407793475,2,1553.5478509941502,-37.36264880143497,50.10038931345023,130.90093093071863,1550.9945526266386,-34.931538042754696,48.33500683336479,126.24748777276977,1552.5,-39.71952819824219,51.300048828125,134.1984405517578,0.15348941087722778
MOT17-04-FRCNN,392,157,2,2.0831666655357126,0.1034646907537442,1.4741824506629422,0.5972936935504795,0.40516945055333925,0.06678291806797354,72.49305428237513,3,733.7214810225614,15.465112189434933,65.71916228686202,137.05322444782473,735.1393692572858,13.284777039603721,66.5075534522498,137.89269806649398,733.0500183105469,16.453128814697266,66.14996337890625,132.80625915527344,0.19362008571624756
MOT17-04-FRCNN,392,151,2,1.2626807209363737,0.09633498637691396,0.7624597962077269,2.7859355883968955,3.6538786730177795,0.05117118162683228,63.774555261062595,1,275.12440748065535,38.87511521174941,44.21459195529442,143.35161964626428,275.41125538071975,38.451847648306256,44.31437478201079,141.95392126852315,274.7250061035156,33.31757736206055,44.88751220703125,151.7273406982422,0.12322604656219482
MOT17-04-FRCNN,394,157,2,2.222347987131669,0.09147149318280912,0.9039725811597082,0.9001879813181103,0.9958133687675098,0.06739586056093108,74.20399354436056,3,732.9297121964441,16.356677280583327,66.17195771683886,133.8653570623779,734.7044442545543,13.461114632505126,66.20385809055892,136.67554874047562,733.7250061035156,17.971874237060547,66.14996337890625,135.5906219482422,0.1144111156463623
MOT17-04-FRCNN,395,151,2,1.3234766067284782,0.12656024477395522,1.014062572253313,2.186424199569022,2.1561038336230527,0.08200184436902452,65.08726886486619,1,275.3769690771103,34.67324491231788,45.27163513320812,148.06275229856297,275.5999213137897,38.32948670780563,44.73064511422254,146.99705578732753,275.06250762939453,30.311717987060547,44.88749694824219,145.5890655517578,0.15583133697509766
MOT17-04-FRCNN,405,162,2,3.0720683397896895,0.07657246333427259,3.1205289207790967,0.467038434523273,0.14966643360147688,0.013252647739900699,101.7755405390187,2,1563.8564978185277,-42.036906438608554,48.90880061829145,140.64648029786173,1563.8069106000166,-38.31017680598646,49.70393968865983,140.10683863004132,1564.6500244140625,-41.54414367675781,48.60009765625,142.5304718017578,0.20089209079742432
MOT17-04-FRCNN,408,150,1,0.25638144732180007,0.01584962125817846,0.37999555544548574,0.7414733578387334,1.951268500941994,0.0004780993714013998,108.85027160630969,1,1250.7985608027082,80.76348793327782,64.16548350860388,98.10826445144333,1251.501428972352,80.96235302976021,63.14744100438975,98.9002816273283,1251.4500122070312,80.40937805175781,63.4500732421875,98.38125610351562,0.5153274536132812
MOT17-04-FRCNN,432,161,8,2.9331153417641014,0.1499480359379718,1.663926051007978,0.6723498619134691,0.40407436466672964,0.7117077682697566,8.717377078450847,1,251.85301420206056,190.20507851398824,55.73737859122339,179.62330327035212,243.11281097439542,191.9552400185063,49.1912363704223,178.60671138687746,246.54375457763672,191.06719207763672,55.34999084472656,184.1906280517578,0.17116719484329224
MOT17-04-FRCNN,432,151,2,1.1127576248159061,0.09230455635008095,1.2218526225220052,0.8893854110810044,0.7278990892086799,0.08130650683005623,67.99677089118997,1,269.6343800826446,44.908885965401375,45.60959187024073,136.56293345902054,269.7589004588979,44.34307699214999,45.29641539724739,137.815810904374,268.14376068115234,43.93827819824219,47.92500305175781,133.86093139648438,0.3942495584487915
MOT17-04-FRCNN,434,95,3,1.3009374140480705,0.09772765867964917,1.5243475876619514,1.6674213740551647,1.093859030283677,0.5707090796729719,15.249539061265784,2,367.09361101837027,254.08204016667634,51.88441996903261,170.66136504543707,367.5563829141959,253.8797231371484,52.519066190872195,173.45233352811852,368.8874969482422,249.4124984741211,52.649993896484375,165.03749084472656,0.20635712146759033
MOT17-04-FRCNN,444,150,2,0.3539942293167048,0.04260454159754146,0.1888688952703131,0.3225653383437163,1.7078796266693577,0.0,121.3848995453655,1,1251.4966764002831,81.44135019773888,62.26294946280819,99.57483881838849,1251.4478983737242,81.1868731542821,62.703594867095035,99.95871243987233,1252.1250610351562,81.29531478881836,62.0999755859375,97.7906265258789,0.10729324817657471
MOT17-04-FRCNN,450,150,5,0.3733035244200945,0.041822800348418565,0.2108807023097335,0.02612929425906916,0.1239055730224734,0.007688317082931341,119.22873877673945,1,1252.082305775771,81.04529839051665,62.994148687292835,99.05803328498128,1251.458496309725,81.03389115362285,62.4666050728938,98.9621769529215,1252.1250610351562,81.16875076293945,62.0999755859375,96.86250305175781,0.10320737957954407
MOT17-04-FRCNN,452,150,2,0.36333326918074726,0.047694116599292014,0.17525494704101668,0.4876510362294681,2.782523657465362,0.015396478804939091,119.82646438130858,1,1252.1618254687694,81.16048495804394,62.22298828737269,97.13225078162662,1251.4608387576238,81.08982914701156,62.453284681082096,98.14798094066754,1251.4500122070312,80.49374961853027,64.7999267578125,98.3812484741211,0.1500324010848999
MOT17-04-FRCNN,455,150,2,0.358720296502461,0.03887407900255324,0.2324155377032464,0.38008831781977653,1.635382563385595,0.015375742170578618,124.0987977242966,1,1251.501295573723,80.81854629188442,64.61806691419362,99.38176729766643,1251.4598097884016,80.94026129025775,63.678486497025006,98.19453676812765,1252.125,81.25312805175781,63.449951171875,100.06875610351562,0.22183537483215332
MOT17-04-FRCNN,455,172,1,0.47568540813811866,0.017455742018340215,0.6203649235185009,0.10819290265949989,0.17440203105918076,0.0,226.20990088486954,1,1188.7187432926055,-29.48500711518922,61.60189012612782,127.16927375065947,1189.1170693629433,-29.564245965273777,61.037540723114034,126.56885180804859,1188.675048828125,-29.583984375,60.75,126.96328735351562,0.5057823657989502
MOT17-04-FRCNN,462,129,2,2.988655671263809,0.06209596547556495,0.42638953266122837,0.34215118003622924,0.8024380380558556,0.6649072424611128,24.78696789943796,1,231.59957681107036,168.2580705510678,41.25419985072936,174.40762399657842,231.8405341470776,172.41858385744024,40.93145741460228,173.87401472346323,231.35625457763672,168.89765167236328,41.51249694824219,171.82968139648438,0.26657867431640625
MOT17-04-FRCNN,466,172,1,0.4583803617533713,0.030081217204985466,0.3550979518949813,0.7244071078083131,2.040020518120458,0.0,219.4182872928564,1,1187.3337492578905,-28.975642530995017,62.9215349074626,129.70417112202662,1187.4736081283147,-28.987957721959543,62.22180095137719,128.76752971443702,1187.3250122070312,-29.699996948242188,63.4500732421875,129.26251220703125,0.3487553596496582
MOT17-04-FRCNN,467,172,1,0.4571410673771167,0.03343370537011159,0.32841629924575044,0.8228089572821801,2.505384048148234,0.0,219.36705847601866,1,1187.310358135552,-29.442062857243187,63.28801097108295,129.46053533096506,1187.4363315879116,-29.370633259758677,62.731345224190136,129.07405722337947,1186.6500244140625,-28.951171875,63.449951171875,130.25390625,0.4350900650024414
MOT17-04-FRCNN,468,150,4,0.3889884790479891,0.016271768894504657,0.17201951186680167,0.006365984717687121,0.03700734090337634,0.003885048753878683,127.76617355191267,1,1251.4338861700714,80.15764215994798,63.49200248419876,98.56914911696452,1251.4899307695305,80.85132165476864,63.614757208899846,98.4818839303095,1251.4500122070312,80.17734909057617,63.4500732421875,97.15782165527344,0.10293817520141602
MOT17-04-FRCNN,477,150,1,0.33364358536388977,0.051391546353734774,0.45955873109709916,0.7613986852900924,1.6568038724286975,0.0,135.99242164562799,1,1251.5030285584953,81.12674433784163,63.3177855661268,98.49504815064496,1251.5367627810042,81.25038808904728,62.935423751755025,97.86665108491957,1251.4500732421875,80.36718940734863,60.75,99.30937957763672,0.3876078128814697
MOT17-04-FRCNN,492,150,2,0.3186807573190909,0.02304122688651722,0.36448874605690357,0.29104626868379596,0.7985055007387201,0.0,135.9997447990214,1,1251.8629441594503,81.09598539430891,63.268841538187004,97.78754135690609,1251.7514172142137,81.14723607012425,62.78521423265602,97.4967854442499,1251.4500122070312,81.50625228881836,62.0999755859375,98.71875,0.17821240425109863
MOT17-04-FRCNN,513,150,1,0.2910724272258985,0.008330249610314033,0.3553780373226936,0.11149353415324689,0.31373220189183365,0.0,138.50453028884766,1,1251.468266012672,81.83923344370065,63.53766506460487,98.8637131462361,1251.5460031627276,82.14345423868843,63.731104054606476,98.66883356884317,1251.4500122070312,81.94922256469727,63.4500732421875,98.33906555175781,0.5716757774353027
MOT17-04-FRCNN,515,150,1,0.2932192359434765,0.03134611801448761,0.29672276020027094,0.7739843056238804,2.6084426590716707,0.0,140.10486837737017,1,1251.487156468395,82.44224731229947,64.31845559477124,99.14425310779731,1251.5554876628328,82.09161559051674,63.78068636792659,98.85046357371527,1250.7750244140625,82.13906478881836,63.449951171875,98.12812805175781,0.5442314147949219
MOT17-04-FRCNN,516,150,1,0.2892430401809948,0.04726750754701892,0.2928959677486861,0.9932800834546499,3.391238503859894,0.0,142.0436798666978,1,1251.0347992052148,82.25613504446454,63.78587819015149,98.52074507889643,1251.53802921999,82.20151369952904,63.86342407644224,98.7361408846021,1250.7750244140625,83.21484375,62.10009765625,98.5078125,0.25973188877105713
MOT17-04-FRCNN,517,150,1,0.29463125676234914,0.03420291413563059,0.42886947961589234,0.10945545650613106,0.25521857280252835,0.0,142.3448361230079,1,1250.8762692091022,82.8568481850203,62.720877206871556,98.5226749765345,1251.5166032823286,82.33178124620551,63.60840366393131,98.72922438774276,1250.7750244140625,82.89844131469727,63.449951171875,98.12812805175781,0.3486853837966919
MOT17-04-FRCNN,518,150,1,0.3033447290391435,0.0450928801514584,0.43161039029089376,0.6210072882952038,1.4388145009128757,0.0,143.2546005034298,1,1250.8238505661964,82.91216895865283,63.17694325073869,98.28015812794239,1251.5033286022024,82.46143625345665,63.227899549253834,98.4411927277911,1250.7750244140625,83.53125381469727,64.800048828125,96.86250305175781,0.3911252021789551
MOT17-04-FRCNN,519,150,1,0.3178152305540397,0.03465439939865256,0.3978737753422213,0.08238262140564082,0.2070571787114681,0.0,144.58377050213238,1,1250.794567232779,83.31596629605671,64.2064897484639,97.38600848057786,1251.49154979652,82.67590511257066,63.368103402024644,98.06294719501824,1250.7750244140625,83.23593521118164,62.10009765625,99.30937194824219,0.3624991178512573
MOT17-05-FRCNN,36,191,1,1.8870966179665736,0.128248927642865,7.300106686052581,8.341664999406786,1.142677135848464,0.016538254587588223,30.777872444479105,1,240.82253247602551,220.2468364687109,22.333891665528455,63.971898736443606,247.96412034373395,219.3724419248595,22.62253357944357,63.6474751649767,248.25001525878906,216.45001220703125,21.600006103515625,64.5,0.4854702949523926
MOT17-05-FRCNN,174,207,2,10.243700154810053,0.10297950586575721,10.643042953871637,14.103183944262517,1.3251082425756986,0.0411830964359069,155.81012951607534,2,-48.6113587398967,259.96847538915165,322.93508518838377,785.7294317278086,-33.61464521978178,249.24706582049947,302.8637213277125,785.3231105469343,-29.51251220703125,280.7249984741211,309.375,754.9500122070312,0.30358171463012695
MOT17-05-FRCNN,238,212,1,3.7868211972650707,0.0928979551670398,4.0580437260399815,5.649816529574854,1.3922512695761893,0.435060852666479,20.604225481757535,1,249.46084117881932,228.34863748623602,53.48016650458495,155.45367213076145,249.24901024017007,224.3836528650127,53.72551108401325,157.3145034775343,246.9000015258789,223.31251525878906,58.19999694824219,158.17501831054688,0.3644510507583618
MOT17-05-FRCNN,239,212,1,4.934933617182284,0.1471787392929388,3.800610268654286,5.0547853186673315,1.329993069891147,0.41194044635915583,21.205908894751328,1,248.90699325341586,222.8323246353076,56.60857297895186,157.10619012542546,250.01520729301453,224.01733199074022,54.81477231592356,156.86194266021198,253.95000457763672,222.48751831054688,57.59999084472656,156.82501220703125,0.4818742275238037
MOT17-05-FRCNN,240,212,1,4.901599503106804,0.10827809375082853,3.09117774905992,3.436354921578339,1.111665261767426,0.4300409545029268,19.743616615108298,1,253.36570466539322,222.00593912021873,57.431126478425384,156.2317419613815,254.3116843227619,223.97055541235602,55.83995532065407,156.26386807252277,256.8000183105469,221.88751220703125,56.70001220703125,152.625,0.22353744506835938
MOT17-05-FRCNN,321,213,4,6.5849034510178495,0.13574713956793294,2.710214729068528,0.8090596497905482,0.2985223425704772,0.19244707536808994,28.90135701517075,1,338.23401546797623,238.26299010816683,50.614126702258645,157.30033968897257,334.4210066772887,230.02540208806914,50.613038743295874,155.33004475172015,335.70001220703125,236.25001525878906,47.4000244140625,153.30001831054688,0.4202878475189209
MOT17-05-FRCNN,322,213,1,3.155113755581987,0.13832371708558167,2.521481939434871,6.420410976036619,2.546284736616277,0.18207943980368332,29.887044178128075,1,336.0141269151822,236.9627407473388,47.576151247581386,154.86968124917792,333.5694443830315,235.24733453895206,49.65064959524966,155.7002144944458,335.70001220703125,230.55001831054688,47.4000244140625,149.70001220703125,0.31226563453674316
MOT17-05-FRCNN,331,230,2,3.9863478853454577,0.08233365382454749,3.7956678469236507,2.227728749774454,0.5869135128828528,0.041501026909347316,40.32363057397441,1,102.9141532030437,220.45303308173604,23.564286619886047,62.934874544443836,105.73357169681191,221.8124168108306,23.411881895559162,57.41812947577915,105.67500305175781,223.95000457763672,23.699996948242188,60.30000305175781,0.16609203815460205
MOT17-05-FRCNN,338,231,1,2.8038117974228585,0.10754039286689021,5.008058939678802,2.3752097102716148,0.47427750728987067,0.07392556916217122,54.389913089817696,1,60.086098068215136,213.16202520530274,48.14008752799564,94.27680298346006,64.04963969980847,215.85076921513902,47.54038891983697,94.94314983070393,62.34375190734863,213.90000915527344,45.11249923706055,95.39999389648438,0.4452667236328125
MOT17-05-FRCNN,349,230,1,3.566198153554325,0.12664433902997196,5.751253123789805,6.740424721901958,1.1719923600685367,0.2953710363151089,16.70720909730734,1,126.7215069479815,209.92987080886712,29.28361344551767,81.08155247894558,119.57948855991415,214.03613931848054,28.548629175467696,78.97425936688319,120.45000457763672,212.40000915527344,31.050003051757812,83.10000610351562,0.5123205184936523
MOT17-05-FRCNN,355,234,1,2.9127708339980023,0.11347265226354919,4.926489826974834,2.41418702473958,0.49004201967915934,0.1987917928175853,34.78476241799194,1,298.8566312181755,213.32543527199385,48.671701345566746,133.49645861461534,294.82512356624727,214.43318697770147,47.855729635546254,133.64391752031332,297.45001220703125,215.28750610351562,49.5,132.82501220703125,0.29973316192626953
MOT17-05-FRCNN,359,234,3,5.630952122254557,0.101481706835713,2.9253888722485755,0.05476519918908613,0.018720656152284916,0.19554710243123047,38.591066707594585,1,298.36060641435927,215.4778268621314,50.20144023441291,132.57280304051628,297.73354111695227,219.0781933559956,49.39956631863413,132.97828760610037,298.20001220703125,215.51250457763672,46.79998779296875,132.97499084472656,0.32924413681030273
MOT17-05-FRCNN,362,234,1,2.9652392297613632,0.1279326861681478,4.104225181829846,2.2722453576912076,0.5536356454686874,0.18401520810663685,38.39716668510389,1,312.5745162678526,221.1791012886515,47.38706337692092,129.92768740536306,317.0567070493555,222.17038047491263,47.34938536952734,131.12647547985958,314.625,220.20001220703125,42.75,131.70001220703125,0.4483680725097656
MOT17-09-FRCNN,18,267,1,0.7261600553271036,0.1447037456409498,2.330365483800657,3.7398176287761222,1.604820211581898,0.0,160.54077522635185,1,1901.8383384269937,526.0560377771931,89.53039035882064,211.0878033046818,1902.6799623713462,526.3555026931917,89.72127172407454,209.27675916845095,1898.1000366210938,526.1625061035156,78.2999267578125,205.20001220703125,0.4585385322570801
MOT17-09-FRCNN,25,267,1,1.172209603874126,0.10891181263487038,2.399750399959537,2.107909628638251,0.8783870308652905,0.0,185.11344324486595,1,1910.0500105355818,522.3714868489618,78.57502531488991,203.5667185399825,1910.595505630505,523.2006915672116,83.41696885471174,207.32133889167176,1911.6000366210938,523.8000183105469,75.5999755859375,203.85003662109375,0.5171163082122803
MOT17-09-FRCNN,27,267,1,1.1725302094855214,0.11779961155331442,2.1925557701561575,2.3839486267660073,1.087292126939247,0.0,192.95012412226836,1,1911.9715671747244,519.8989095912109,74.04548206334151,192.9058575700518,1912.9638263458876,520.9923190124622,76.37204087493956,200.06255448268206,1912.9500122070312,517.7250061035156,72.9000244140625,184.95001220703125,0.526195764541626
MOT17-09-FRCNN,28,267,1,1.1416541027102747,0.06925110519590971,2.1827094414235413,1.3509692933727953,0.6189414256126122,0.0,195.01002453519163,1,1912.993633701793,518.4068363590785,73.15539978888182,187.49832985007853,1913.642226883784,518.3043426056295,74.56549903293671,194.70642491938065,1914.2999877929688,518.0625152587891,75.5999755859375,184.27499389648438,0.36850976943969727
MOT17-09-FRCNN,32,267,1,1.0820841202131055,0.09551051459720461,1.6737702654370836,0.2979659044853641,0.17802078973338323,0.0,202.8297643911956,1,1912.6739588781993,513.4496771664878,63.53746346570008,170.189926983074,1912.1022018613048,513.6152840063633,67.41386684854069,173.92100650991932,1912.9500122070312,513.3375244140625,62.0999755859375,170.7750244140625,0.18752074241638184
MOT17-09-FRCNN,33,267,1,1.075150174627804,0.04624555607947234,1.502181763701519,0.57020213919511,0.3795826530273391,0.0,202.656523371662,1,1913.1228587920634,513.13164501567,62.289973579794896,169.99829708064632,1911.6536086951637,513.1284243835948,64.28809390737297,171.5011414888097,1912.9500122070312,513.6750183105469,62.0999755859375,171.45001220703125,0.2326812744140625
MOT17-09-FRCNN,34,267,1,1.08558171998688,0.051594757448675255,1.0175763453123732,0.5320534701080553,0.5228634417054248,0.0,204.9500552392394,1,1913.2880117466145,513.264105003216,61.84969035561129,170.38918664382868,1911.7484592758422,513.536527610469,62.5590424670354,170.19247023584967,1912.9500122070312,513.6750030517578,64.7999267578125,172.80001831054688,0.27563202381134033
MOT17-09-FRCNN,35,267,1,1.0872547451416663,0.11322975872109087,0.7886135965498038,2.2854509997531,2.898061876883663,0.0,207.6345802401675,1,1913.304294107266,513.3053943939683,63.465425197968834,171.42667735585246,1912.0865770574267,513.9815984238464,62.535029711124935,170.60472036010918,1914.300048828125,515.3625183105469,67.5,178.20001220703125,0.2561459541320801
MOT17-09-FRCNN,38,267,3,2.1447008889163928,0.08524918967808082,0.5622050023014735,0.5131819003714478,0.9128020886876815,0.0,212.3606223548855,1,1914.2425364583028,514.4011825909928,65.80413908487735,175.30534688344915,1914.573919523234,517.7610923493379,63.706418212819244,172.37373696104345,1915.6500244140625,515.0250244140625,67.5,174.1500244140625,0.1261453628540039
MOT17-09-FRCNN,46,267,8,6.533277890707335,0.14259627421118348,0.5597538086378699,0.056204933882023515,0.10041009639361834,0.0,203.1740883361008,1,1915.848498423852,514.6215445082847,67.10196115310082,174.189227047492,1918.9072943106728,518.6135365422481,65.45717514531543,173.6404170955979,1915.6500244140625,515.0250091552734,59.39990234375,165.37503051757812,0.28152012825012207
MOT17-09-FRCNN,48,267,1,1.2816939216438303,0.053999755036246544,0.7419755085331566,0.11994011502991157,0.16164969550952749,0.0,205.1349350011421,1,1916.9540793122592,515.2517270960959,59.48816857567854,166.85952390899362,1915.6166006345527,515.9179027038423,62.18473390532699,169.01901888431877,1917.0000610351562,515.3625030517578,59.4000244140625,167.39999389648438,0.30625200271606445
MOT17-09-FRCNN,63,267,1,1.008433026582868,0.024401643401780304,0.4216255241982842,0.31926037605036883,0.7572131138346962,0.0,177.4104339884499,1,1917.0709915847287,526.4737734847388,65.63848658511608,182.23104491158205,1917.6020206365665,526.2436934576056,65.91157977252124,182.86980434468938,1917.0,526.1625061035156,67.5,182.92498779296875,0.3638259172439575
MOT17-09-FRCNN,70,267,1,0.986710549267382,0.05664859641104347,1.1510519847188805,1.557227839158716,1.3528735972242254,0.0,163.8131950972132,1,1920.9130960942741,527.0498926736594,60.48935470757263,180.19679808388605,1921.2916905848026,527.2949650502422,61.81359606198248,181.5180861721007,1922.4000244140625,527.5124969482422,59.39990234375,178.19998168945312,0.5761446952819824
MOT17-09-FRCNN,86,268,5,9.992181312827656,0.08119594697583621,1.134312101314163,0.7740896863870802,0.6824309513142411,0.692605814164608,15.9301259548398,1,1418.2428994387187,545.440896532807,100.77302830417865,321.6702475042809,1416.162625405691,545.5723265526734,102.24072125483144,324.76566458032016,1419.1875610351562,541.6875,96.5250244140625,321.9749755859375,0.575624942779541
MOT17-09-FRCNN,132,268,1,1.863208800252375,0.04620296808325175,5.621901200586638,5.728704341988933,1.0189976909219163,0.5693399836562972,27.690195460393866,1,1567.0914643411638,531.1063773539901,81.25268665981791,269.17292667254395,1571.6006391384803,531.045377487096,82.59303879186655,272.4966380781468,1572.75,530.2124938964844,81.0,267.29998779296875,0.25811004638671875
MOT17-09-FRCNN,192,268,1,2.007721178385532,0.10760373201581586,2.7566840802214183,4.804349321958158,1.7428001113469158,0.429900716261327,33.624110056890785,1,1775.7151697774927,530.3106863650493,93.31506865382073,234.68280650475955,1775.0551045321936,530.9323812174713,91.34214515503436,234.11216379570368,1772.5499877929688,533.9250183105469,89.0999755859375,220.72503662109375,0.14382719993591309
MOT17-09-FRCNN,204,262,1,1.3378192563911038,0.12649291760372994,2.3298872311656487,4.239723915478272,1.8197120696511682,0.07225897934709928,66.30156648470111,1,1926.877393113983,541.554184093081,63.943829740328376,210.36230357842746,1927.2430376256666,542.2993553274431,68.21429299750253,215.1910378582993,1929.1500244140625,537.9750213623047,64.800048828125,199.12503051757812,0.47885942459106445
MOT17-09-FRCNN,243,261,1,1.0259037474163506,0.057396662748126936,1.1825477956963963,2.3684568174833855,2.0028423596093328,0.18086473222879754,49.050888077333106,1,1913.3352254636923,531.5880975923418,70.08035769100906,194.3719316934266,1913.5263668012292,532.0157362653757,70.05688938146295,194.39017502783554,1912.9500122070312,533.9250183105469,72.9000244140625,193.72503662109375,0.5112032890319824
MOT17-10-FRCNN,48,299,1,2.0998235041611166,0.14463186186836874,5.6653114298674,1.3148223993244663,0.2320829870698283,0.0,33.734199182291206,1,704.1379374809651,362.24546266357953,27.356230565359187,78.06909002803845,703.7463500763985,363.159408397713,26.52890572741876,75.6498507742242,705.375,361.8000030517578,27.0,78.30001831054688,0.5530929565429688
MOT17-10-FRCNN,73,299,1,2.149867505562004,0.10482434026767573,2.41821154213745,2.118093894746209,0.8758927239566611,0.26741638564177156,14.960638843147969,1,712.0202953265843,350.29627134581756,25.356938998245433,73.5229329949719,712.9469717045642,350.8140146888729,25.635826150341927,72.50676432249031,712.8000183105469,352.265625,25.64996337890625,65.64373779296875,0.3091280460357666
MOT17-10-FRCNN,73,295,1,1.8602231900048671,0.11728425511279639,2.2297598182554763,1.7956991934376545,0.8053330133299187,0.0,53.64492104243702,1,752.1589676389019,350.37168331500243,26.331977096646284,75.61369877125952,753.9511599405391,349.6571795275987,27.11897444623355,75.39838595477681,752.625,348.63751220703125,27.0,73.57501220703125,0.5964510440826416
MOT17-10-FRCNN,90,299,1,2.0607255252125496,0.09201081231586039,1.9535673655616321,2.1117299789461184,1.0809609211193063,0.0,37.40796838697303,2,710.8393338315879,350.6932781658867,25.889553044365673,72.49194923602315,709.9264182890257,350.7203488026218,26.21970088055832,73.50374634630384,708.75,351.00001525878906,27.0,72.89999389648438,0.5595624446868896
MOT17-10-FRCNN,93,301,25,5.624932368565838,0.14369488467763603,2.3172151895519213,0.2712263351150297,0.11704840203791197,0.0,103.08312668243764,1,175.12138066886794,323.8971592265468,29.226365975370346,82.61311709443748,182.64416192829893,328.82148766085686,27.974778724380883,77.62210802732307,180.94219207763672,327.37501525878906,29.278121948242188,78.97500610351562,0.47534704208374023
MOT17-10-FRCNN,94,293,2,3.519598669100904,0.05722062315257226,1.0572880465794345,1.6992116687618963,1.60714166234947,0.6754102307496967,11.608704545052866,1,1217.0223555275707,393.86094226980333,65.22863061281433,200.85700049906654,1214.5705249141918,391.5528990474438,63.69239542719788,200.66434997581086,1213.6500244140625,393.4406280517578,64.800048828125,194.56875610351562,0.1469435691833496
MOT17-10-FRCNN,100,305,1,1.3794223072772198,0.08573155401243815,1.9008998125915098,1.2445805855808985,0.6547323416714704,0.0,31.942257715238117,1,1046.0816582853088,359.5737719717057,18.717230941221484,50.611898528025776,1046.227306020099,359.2944740710937,17.999245904946747,46.19526199142001,1046.2500610351562,358.34063720703125,18.9000244140625,47.41876220703125,0.5915822982788086
MOT17-10-FRCNN,101,295,1,1.7075361845234793,0.11059505303320882,2.390723771042116,3.1292303122478975,1.308905006153792,0.09325002603584173,22.062910265971368,1,738.8759050118381,368.1619814742572,25.655922852772544,68.08166296568986,740.7005051909522,367.1360216787008,25.38056761521989,68.95458786362428,741.8250122070312,367.1156311035156,25.6500244140625,71.04376220703125,0.5825958251953125
MOT17-10-FRCNN,106,305,1,1.1673635101729558,0.12227192589144686,2.3735193349328894,2.352102076073033,0.9909765812544089,0.0,31.459805493107073,1,1049.9163069558822,350.14338403923824,18.950388339054143,47.74550511452266,1048.3120534273712,348.4019458546732,18.95295318689341,47.0982436377202,1047.6000366210938,349.73439025878906,18.9000244140625,47.756256103515625,0.5041887760162354
MOT17-10-FRCNN,107,305,1,1.1756611381244737,0.021414616455479152,2.35494234051382,2.271321160499927,0.9644911985421911,0.0,32.16327955269886,1,1047.6668424802986,349.8599614255388,18.94352457607817,47.85078372960306,1045.5979492409722,349.43171625093754,18.950077933217926,47.686597274999144,1045.5750122070312,348.9750061035156,18.9000244140625,48.5999755859375,0.12861591577529907
MOT17-10-FRCNN,112,305,1,1.216774921205065,0.10495125536750527,2.983163743314706,2.499665109219128,0.8379242054080664,0.0,33.51659719344305,1,1036.0767460739644,353.85753679955644,20.102919917909,50.62861580252871,1034.9184317956112,354.6435302971522,19.60305379576448,50.640929429521975,1034.1000061035156,355.38751220703125,20.24993896484375,50.625,0.5037393569946289
MOT17-10-FRCNN,143,295,1,1.7884089450810392,0.14026238197508856,2.0591494395366112,1.738173857853902,0.8441222499349338,0.10926532661525294,30.084666019279172,1,660.3971041067265,378.7984571201738,25.690352440892134,72.51593739249579,658.6502792615663,378.9954247097568,26.232975881776383,73.3655496755631,659.4750366210938,377.32501220703125,23.625,70.875,0.17823779582977295
MOT17-10-FRCNN,158,308,1,1.9383144795957692,0.06406391334486572,3.3902060467008734,2.9707541822091734,0.8762754066526773,0.0,316.3043768850834,1,79.00030811657655,373.8056925748613,46.089159282730826,114.24710627392362,81.78063259395833,371.81440752916257,44.0429068976573,111.94389033251696,80.51484298706055,371.25,45.857810974121094,111.375,0.47653770446777344
MOT17-10-FRCNN,160,308,1,1.8654147797609328,0.11914753590044636,2.4709350802534398,4.60747765528345,1.8646696516247074,0.0,316.1962602165183,1,79.30333921474922,370.10811034026636,45.873584556971366,114.47682749086633,80.7520591158571,367.74017457972394,45.97720177568249,113.7168723813079,81.06328201293945,365.8500061035156,43.748435974121094,105.29998779296875,0.5528690814971924
MOT17-10-FRCNN,170,295,1,2.0224335441881176,0.05812020674378904,2.040683982718288,2.908030859125309,1.4250275318237533,0.0,39.86951337882824,1,641.8529529641619,387.77718948297826,28.785110052198036,80.11354377698856,643.5473115482415,387.0102769190122,28.39710793005429,78.59554314463935,643.9500122070312,385.7624969482422,28.3499755859375,78.97500610351562,0.5711545944213867
MOT17-10-FRCNN,172,308,2,2.4266234965822124,0.041541361025002055,1.8299635987846607,1.7382850852415257,0.9499014550868543,0.0,280.80815502043185,1,87.55672138042318,367.1078070530885,39.223249441676735,102.43107585742861,86.23176546246802,364.6826884469032,39.33483833623933,102.86982558854822,85.8515625,364.078125,38.390625,104.79376220703125,0.5272951126098633
MOT17-10-FRCNN,172,305,1,1.5846086506899333,0.03517267838959537,2.6125453944765717,1.6900897973668865,0.6469130836693076,0.0,26.28156805191455,1,1070.0579134188688,376.9801656047155,20.59886723117434,53.95320702840897,1070.116832841091,375.58379147262355,20.61339332447278,52.67099797335163,1069.875,375.3000030517578,20.25,53.324981689453125,0.5356495380401611
MOT17-10-FRCNN,173,308,1,1.7524200723092598,0.13171857043297464,1.5611938482974719,5.596164040720037,3.5845414371974496,0.0,279.73706487648593,1,85.5824306643854,364.01908219817517,38.6034560108103,104.30953258060289,84.44468051499938,363.0301409428677,39.20738931052972,103.89789401994881,85.4296875,358.4250030517578,37.37812805175781,101.92501831054688,0.5870332717895508
MOT17-10-FRCNN,175,308,1,1.7281304857312438,0.1469352954755182,2.033078887484641,4.9396844524220604,2.4296570501174797,0.0,272.53136894503206,1,85.12566149464675,358.25919714828814,37.96315261447394,104.19423242812728,84.53192159534282,357.0524871211125,38.12319186885023,103.7964825842115,82.56093788146973,354.0375061035156,39.234371185302734,101.25,0.5938148498535156
MOT17-10-FRCNN,176,308,1,1.7165725170132953,0.12729482477163823,2.9921828493072944,3.4478976395491463,1.1523017854164066,0.005269595056203006,267.6599741236167,1,82.69625588620676,354.7097481951711,38.79011907849277,102.50800246833238,82.65397016970816,354.21699995008254,38.18541289141106,103.19597254678808,84.33281326293945,351.6750030517578,38.55937957763672,100.57498168945312,0.5736269950866699
MOT17-10-FRCNN,177,308,1,1.697189370341647,0.12594861628756415,3.272434293261771,2.6557006662822937,0.8115367424643527,0.010851016668649073,263.04697778352266,1,84.06871545109236,352.09404635547855,38.65006561466452,101.3373010986007,83.61751546678015,351.6704380835822,38.467779102543744,102.6798453316868,82.7085952758789,354.37501525878906,41.80781555175781,102.60000610351562,0.5818023681640625
MOT17-10-FRCNN,187,291,1,1.8510650744397152,0.1082515779294011,5.070338785790106,3.1054347909019886,0.6124708667604489,0.4307224709930226,22.373252685990874,3,1192.3299726668217,363.1927059204954,38.30819611803007,96.54966085468942,1194.2295157310875,361.2557021748867,38.45348709749578,99.39538840186253,1192.7250366210938,360.1125030517578,37.7999267578125,95.85000610351562,0.29692506790161133
MOT17-10-FRCNN,192,307,1,1.733143642451186,0.08469367993785937,1.8677485712493473,3.0024776560859388,1.607538456890675,0.10089296453496728,19.149955364574836,1,779.8914800297964,349.03795870298114,22.48693842860284,64.41338544954296,780.0694036750755,350.36207349857716,22.101000037409904,64.80352026152354,780.3000183105469,352.01251220703125,22.95001220703125,63.45001220703125,0.5928397178649902
MOT17-10-FRCNN,223,307,1,1.7898347315322283,0.1434317821331046,2.213674031820653,1.1460775313333889,0.5177264199060007,0.04277666267246345,34.29815613375547,1,741.3707125868265,334.92406278782835,24.604464775711723,69.03076034688985,741.0594782604946,337.0271322786844,24.523988524440938,68.3802554521377,741.8250122070312,333.8718719482422,24.300048828125,68.00625610351562,0.5099287033081055
MOT17-10-FRCNN,297,324,1,1.6391138707333515,0.14300952574237824,3.0867969939213866,0.625526955852421,0.20264596508426938,0.0,45.16498479378827,2,676.2338239979654,382.6350714782615,18.873714768048764,52.85113448240445,677.1116148831572,382.0525934797657,18.20840080330504,52.81300899895393,676.0125122070312,382.0500030517578,16.875,51.300018310546875,0.15088552236557007
MOT17-10-FRCNN,298,323,1,1.8239952851772643,0.11441231116017914,2.7354432694221744,2.235866665271527,0.8173690495668088,0.0,26.354542792219636,1,721.0399071659613,378.52728327356806,15.20843461469066,45.69835241917531,723.5977653225366,377.5082871555202,15.339200277613145,46.04265434495289,722.9250183105469,377.32501220703125,14.85003662109375,44.54998779296875,0.5139999389648438
MOT17-10-FRCNN,300,323,1,1.7858442124900291,0.13781021929057902,2.7992667618556704,1.6429767283457997,0.5869311030780964,0.0,25.881749915201784,1,724.867632367545,378.22951429884586,14.873454487457376,46.01488805081887,726.230704794993,378.13687290802244,15.017534856544671,45.56868497063408,725.625,379.68751525878906,14.8499755859375,45.225006103515625,0.5839419364929199
MOT17-10-FRCNN,306,316,2,2.7614186153712352,0.1286346113581296,2.543607025187905,2.35843500351134,0.9272010102807113,0.0,85.75925714648898,1,1064.261133767612,445.18582325060106,77.44339776589115,119.83105201525785,1064.960899670496,445.9196451066444,77.78725724380274,118.41969017655288,1067.8500366210938,442.125,76.9500732421875,118.79998779296875,0.4145808219909668
MOT17-10-FRCNN,314,323,1,1.833699824679911,0.10454201996003953,3.365050053629954,1.097965831892659,0.3262851411996856,0.034448425298582726,20.18215004988038,1,719.9161944895858,366.1764312566669,16.54755842734642,48.951533737031,718.770275833447,365.1639530770524,16.610995315308855,48.44038444095759,718.8750305175781,366.52500915527344,17.54998779296875,49.949981689453125,0.4702460765838623
MOT17-10-FRCNN,324,316,2,2.8098450507211368,0.13488919139733624,4.440294874455412,4.368492556632125,0.9838293807385724,0.0,84.68814677378258,5,1092.9720124150965,431.6464803624802,82.96219762997868,132.6577738652412,1102.9920177687782,428.94097421637537,82.51231696270497,131.7050067279439,1099.5750122070312,425.9250030517578,85.0499267578125,140.39999389648438,0.13569027185440063
MOT17-11-FRCNN,50,334,1,1.334543845272229,0.08591543141701963,1.6893706195748068,4.580050928674144,2.7110989593431456,0.17701169825831325,60.33001328819751,1,648.3591097368078,427.68717485186994,77.06678885699512,221.6669401148438,646.1971120378307,427.4968349174518,76.37850131318282,223.0777797532155,648.0000305175781,432.2531280517578,76.95001220703125,215.49374389648438,0.23011493682861328
MOT17-11-FRCNN,51,334,1,1.3688142352406563,0.10668412389400683,2.0912090584202265,3.20734145025934,1.5337258785031658,0.1935439061379088,54.45866841811629,2,647.1938537170222,430.8521071256376,77.08171007144975,217.75591240676303,645.0615119401928,432.2918806213146,77.44235212519834,221.22995400485758,647.6625061035156,434.0250244140625,83.02496337890625,211.2750244140625,0.2718009948730469
MOT17-11-FRCNN,52,334,1,1.360870748740158,0.14291077349446302,2.528699611535912,3.485992465924184,1.378571203167473,0.2000363187222733,49.10478744711404,3,646.3738703539443,433.0344440724681,80.96571102717516,213.58599821517785,645.4962760185524,435.46311047721576,78.37140331853993,217.66961691226152,644.625,436.0500030517578,86.4000244140625,204.52499389648438,0.4807887077331543
MOT17-11-FRCNN,53,334,1,1.3803414969397558,0.10689242750514893,3.0817886496361115,4.956169549388776,1.6082120199819627,0.19239796145059077,47.14943290015983,4,643.6203249377992,434.29015042023025,84.46307602747568,207.68774537029338,642.1357576697264,435.8576731080417,80.83683237536684,213.0098853307448,639.2250061035156,432.0,83.70001220703125,203.8499755859375,0.3546309471130371
MOT17-11-FRCNN,94,341,1,1.5667677537770341,0.12318023833635161,3.4070788814072044,5.548153244430071,1.6284193696562002,0.39259608413831376,31.48062380190148,2,1151.9213776324639,412.70134735279737,78.79220995689609,234.86513627062385,1150.2501725644918,410.66553455726205,80.77436394850929,236.72563795150586,1152.9000244140625,418.1625061035156,75.60009765625,232.20001220703125,0.3432655334472656
MOT17-11-FRCNN,95,341,1,1.6831492318859829,0.09055641766930767,3.8930022310503736,4.322941984506926,1.110439123313975,0.42568464151522795,28.85907078262605,1,1151.6710386185844,416.6890989582402,76.64640566926032,233.53700544167614,1150.62820538816,416.08000422426807,79.15666262276955,235.87422949927748,1147.5,417.8249969482422,78.300048828125,232.19998168945312,0.2638263702392578
MOT17-11-FRCNN,182,344,1,2.7034113029989064,0.13081880253132538,6.051740908812411,1.8067572705561286,0.2985516560904266,0.24443616492153147,69.35028821494461,1,1179.6803645208747,482.40529996784494,73.55179984462947,199.58817890293,1179.1628898833123,475.9836061756353,72.33101262153832,202.0824118142615,1180.5750122070312,483.9750061035156,76.9500732421875,203.17498779296875,0.2989072799682617
MOT17-11-FRCNN,201,346,1,3.072597564306839,0.11711526070254741,3.1092937090874337,2.608132776147481,0.8388184006305915,0.15816861101399385,65.10347541173309,1,1011.2850353492199,521.3026632669511,62.310696171388486,185.39172264570263,1011.4765759221488,519.4783225505254,63.14888275925546,178.3371751134228,1013.8500366210938,521.7750244140625,63.4500732421875,187.6500244140625,0.5209591388702393
MOT17-11-FRCNN,221,350,2,3.648831058461428,0.0645706783123634,6.4343736396193245,4.255738232648394,0.6614067617155313,0.005534943474313318,189.28052827403806,1,1731.8745236562413,545.7659775460337,112.3927733993113,279.8120713858429,1730.9900655986366,537.0984110667877,113.89830168382377,278.21970123241704,1729.3500366210938,537.6374969482422,110.7000732421875,267.9750061035156,0.4720478057861328
MOT17-11-FRCNN,280,354,1,1.0430431684252575,0.0864880072495503,4.190675579282019,6.382999497769996,1.5231433159193828,0.05218796846148385,88.86347451761034,1,1229.2605921317856,380.75273001093336,67.35300248504291,199.66298871105016,1226.910654712639,379.5875595611029,66.2271157926557,199.2346479159977,1225.1250610351562,375.890625,66.1500244140625,199.96875,0.10532140731811523
MOT17-11-FRCNN,299,331,1,3.9935393792192735,0.1278262530529667,13.551803653946667,10.029736963631324,0.7401034740280038,0.2875314785187974,45.28000471622295,1,792.512700408261,410.22379498093903,177.9236719931979,463.47459503466627,795.2215546504368,412.6988826386663,171.99837397280317,447.1036804023174,785.0249938964844,416.89686584472656,184.95001220703125,436.55621337890625,0.34331417083740234
MOT17-11-FRCNN,302,364,2,1.9108706710331578,0.13742530753762383,9.31498769429173,4.384460237460419,0.4706887847148996,0.0,209.06069941839883,1,1474.319808598604,369.88312253138406,35.13053817023064,92.41466772688892,1466.424780837589,367.23507833094857,35.100855385157956,87.6517804363516,1466.1000366210938,372.93751525878906,35.0999755859375,92.47500610351562,0.5095396041870117
MOT17-11-FRCNN,306,364,1,0.942741950100672,0.09497754716223261,3.071126785351386,1.5161613628324233,0.49368243931321454,0.0,206.2836261902381,1,1459.9193526639706,368.8322897151185,34.336759505163855,89.7009129484057,1458.836890632946,367.7844758329383,33.51095882664549,90.99097056323671,1459.3500366210938,370.2375030517578,35.0999755859375,90.44998168945312,0.5885488986968994
MOT17-11-FRCNN,325,367,1,1.4494946281366874,0.13396481963820983,3.5095254748761286,3.8449185055172266,1.095566489840891,0.0,355.1060380153826,1,1753.4222408065418,385.3451952066442,29.986225608253346,96.00966429582161,1751.3518697101383,387.42830230855174,30.950583593390547,97.42654602278299,1749.6000366210938,385.76251220703125,32.4000244140625,98.54998779296875,0.5940585136413574
MOT17-11-FRCNN,326,365,1,1.636095420487326,0.08587144533415536,4.931850494699614,5.4688949892349195,1.1088931011011955,0.0,59.4511241381153,1,1394.6040572734248,376.9221003403967,31.31623622463947,88.54541874454816,1390.3469966119226,377.6808611603927,31.453878196438836,87.36675702531818,1389.1500244140625,377.32501220703125,29.699951171875,88.42498779296875,0.23435437679290771
MOT17-11-FRCNN,330,362,1,1.6870810696999576,0.07175989185820619,7.612045102622789,5.374208369194639,0.706013731755598,0.02807483552475289,94.47488300139919,1,1223.0741406020736,380.81369680209104,37.94815420597204,107.07431509111134,1216.3548589269349,381.0514522124256,38.224982984394046,109.02650500883885,1217.7000122070312,380.7843780517578,39.1500244140625,109.18124389648438,0.5580530166625977
MOT17-11-FRCNN,331,362,1,1.678911417441881,0.08198059143489533,7.060927919397319,6.042390858691558,0.8557502537438879,0.03678091479200623,91.63290873981953,1,1217.4236314216494,380.45852180775614,38.77749425976221,108.34682794097422,1212.529975684377,380.87734444564325,38.286075739114494,108.5887209678699,1211.6250610351562,378.75938415527344,39.1500244140625,105.80624389648438,0.1493281126022339
MOT17-11-FRCNN,334,364,1,1.6064845701200476,0.09146343343367624,4.887175405519282,2.514710923941039,0.5145530322282019,0.0,275.07453164205583,1,1406.2984467756291,380.07589755689287,31.826198422406637,94.82851848541232,1406.1996301762258,379.8137627226197,31.680688751002435,95.65229035934385,1405.3500366210938,377.74688720703125,32.4000244140625,93.65625,0.4467742443084717
MOT17-11-FRCNN,334,365,1,1.5664171641496905,0.12692979968741125,2.977041928360851,1.8399895676477789,0.6180596753169918,0.0,233.05557872099934,1,1363.101340172118,380.409743842114,33.31938789875164,97.5904890512925,1364.656919029953,379.8345307226529,33.71369131193978,98.21842019580004,1362.8250122070312,378.5906219482422,32.4000244140625,97.36874389648438,0.36043405532836914
MOT17-11-FRCNN,347,365,2,2.8476885416267645,0.10153275926863048,9.709250059374158,9.690963005992696,0.9981165328661191,0.0,225.74694774080612,1,1443.1610473868225,385.1313916791991,34.62496240887527,100.89614037932677,1461.8282228012527,385.2356394804743,34.416652329141016,99.53780780139266,1462.0499877929688,389.4750061035156,35.0999755859375,95.8499755859375,0.43941259384155273
MOT17-11-FRCNN,353,371,1,2.1686422521150255,0.12150865585980486,9.515944680255343,10.279658890234534,1.080256268362281,0.0027725706088220356,31.440320828426508,1,1906.495673158042,409.7735562860398,29.910412080306795,95.55879960543116,1915.2068000629595,410.33986246528355,31.09188224264244,98.77242995947654,1915.6500244140625,414.45001220703125,29.699951171875,97.875,0.5809307098388672
MOT17-11-FRCNN,399,377,1,2.8202933161796473,0.11008771014126562,6.803995599971053,5.258101228614054,0.7727960947882483,0.14032550032516328,74.86245876261091,1,1006.5837129933926,385.0613369139378,83.70587448009039,238.91588917103837,1005.570731461378,390.8764540531054,82.74344552688115,246.93500525194747,1004.3999938964844,380.27813720703125,83.70001220703125,234.39373779296875,0.40830373764038086
MOT17-11-FRCNN,416,383,2,1.3130494572555484,0.1388503006169567,1.8006350731245626,0.46527379961903204,0.2583942779764158,0.06049245303799802,69.09725601741275,1,1161.1654961188513,335.87438766095096,43.82683529909428,133.80633278550647,1161.071728033665,336.7825134975314,43.13673417237669,129.68597655183544,1160.3250122070312,335.4750061035156,48.5999755859375,133.6500244140625,0.2112135887145996
MOT17-11-FRCNN,421,383,1,0.8954950919658462,0.08906083407423226,1.1188417984126182,1.6693841167545111,1.4920644894774107,0.08410945121683383,70.22812819697702,1,1163.234845927063,339.01451519676584,49.30770157183129,136.55845089118506,1163.0392515248511,338.8476956469374,48.34476690370866,136.95422030361317,1161.675048828125,339.60939025878906,51.300048828125,132.13125610351562,0.2481621503829956
MOT17-11-FRCNN,423,383,1,0.8784384757443593,0.14314919760197675,1.5211249616617346,2.620315650765152,1.722616955744793,0.08367306219049202,74.42738352195309,1,1160.4048476554876,340.64245419125234,53.921759751305835,129.78818180335514,1159.5231021636343,340.6073240031764,51.33681042808621,133.37286006642591,1161.0,338.0906219482422,54.0,120.31875610351562,0.4816884994506836
MOT17-11-FRCNN,428,377,1,3.263646595040438,0.08114970098456065,3.3655271967697975,5.242430231649,1.5576847029138963,0.14572388607189257,69.3952796132081,2,995.6339965992396,358.3678288725826,72.68007416042659,221.93409314376368,993.6970271731358,358.3002751718622,77.15494518412675,226.490947467772,991.5750427246094,355.0500030517578,74.25006103515625,224.10000610351562,0.4239499568939209
MOT17-11-FRCNN,429,377,1,3.234349523407141,0.0912980455160749,3.444100974591201,1.4530267848227523,0.4218885554002144,0.15647538137583192,66.17206467980694,2,992.3527593324836,356.0072562124175,73.5361543035499,223.28347709162463,987.7316914444692,354.98295253511054,75.23879716252509,225.10281524183426,990.9000244140625,355.97813415527344,74.25,227.64376831054688,0.4139237403869629
MOT17-13-FRCNN,15,406,1,0.9586535791797782,0.13475058723335642,4.031090087636835,2.181366140406265,0.5411355472050632,0.25245586482051247,14.219097685229658,1,1334.4603682221257,561.09087419351,24.226977058495926,68.46380499182425,1330.9802224380633,561.2886566045229,23.703921302258095,69.13961495888839,1332.4500122070312,561.9375305175781,22.9500732421875,68.17498779296875,0.219757080078125
MOT17-13-FRCNN,44,398,1,1.126134047683379,0.11916557367989433,14.218254345184487,14.459502295422858,1.0169674802814368,0.2867042394975571,25.36851379533687,1,1085.8821818459624,601.7903785536937,39.866382593642776,111.62915725769297,1073.3308779283846,602.4125468355485,39.12688428892034,111.7755540072219,1071.9000244140625,605.4750061035156,39.14990234375,112.04998779296875,0.470883846282959
MOT17-02-FRCNN,15,8,2,4.00059324502852,0.05357684235312943,4.959051229003505,3.3430244979721495,0.67412582439563,0.645907455389203,55.5965064875136,19,1123.0216938449146,665.1859224074766,182.10802316938378,486.73362154139056,1125.973672918764,664.2225965728273,171.88990418081175,484.6534605761867,1128.5999755859375,661.5,175.5,472.5,0.3359435796737671
MOT17-02-FRCNN,24,22,2,2.1889935017863933,0.13266609278756825,1.9216522430164782,1.234686872742589,0.6425131691905202,0.025869370995635004,78.14197378674136,5,1139.014347581583,492.22614919747014,35.774225917047374,90.70797205272873,1135.915260735945,493.1976134853271,36.962933439581775,93.79243566613485,1136.7000732421875,493.08750915527344,33.75,89.10000610351562,0.2119215726852417
MOT17-02-FRCNN,31,22,2,2.0058774660361762,0.11921322632231579,0.7758508552979231,0.8228465748291905,1.060573136203119,0.0356874121272916,78.95062073181793,6,1135.3133748281928,492.3702908374671,33.30574222688479,89.47227180399216,1134.4416349220573,493.90182585358804,34.26715040344288,91.8871643700644,1135.3500366210938,490.7250061035156,32.4000244140625,88.42498779296875,0.20676803588867188
MOT17-02-FRCNN,31,32,1,0.5327780524289945,0.12100222839444807,0.7930577372046234,0.18905626992603994,0.23838903658191027,0.27698199179213767,16.171618442158923,1,992.078686808004,486.25762693983626,24.74811581648245,65.69631896705111,991.7745903302848,486.5796218013117,25.59724739186595,67.79304222829012,992.2500305175781,486.3375244140625,24.29998779296875,62.7750244140625,0.5526509284973145
MOT17-02-FRCNN,61,24,2,1.4288580673518614,0.1463929410631699,1.5002169148351099,1.6652751117834115,1.1100228875678577,0.0,65.12482561341467,1,892.3945411075952,480.61911131428934,25.31427708803658,65.46975768167964,893.86660913351,481.0527360051727,25.16885755596809,68.61499896703629,895.7250366210938,480.6000213623047,27.0,67.50003051757812,0.1412036418914795
MOT17-02-FRCNN,69,28,1,1.3429001309001247,0.041391879744844484,1.7662360319714658,0.8309937018256175,0.470488477634592,0.0,300.4212842586091,1,1569.7519041166297,488.5993323756394,41.76002069450876,116.38276629331276,1569.4940872790662,488.74194342636395,42.02258557673895,114.41808487195794,1570.050048828125,489.375,43.199951171875,116.0999755859375,0.14179766178131104
MOT17-02-FRCNN,70,28,1,1.2925079922422555,0.08347136535580812,1.8695011233917598,1.7780567978595172,0.9510862419989677,0.0,301.55486070812,1,1570.7434048565044,489.002394423404,42.644913549429035,116.26031680292117,1570.1377503356748,488.7859468459645,42.75548310391923,116.08009441806223,1571.4000244140625,487.3500213623047,43.199951171875,119.47500610351562,0.3414602279663086
MOT17-02-FRCNN,73,28,1,1.2982703557907027,0.08950544778897918,2.392336432804849,2.9498584132776577,1.233044973452648,0.0,306.8083955397675,1,1576.8504050821932,492.4658582709645,40.77229602909841,108.84531475973071,1579.751822755821,493.28520683131967,41.70901644405194,113.31930081974707,1579.5,493.76251220703125,43.199951171875,106.6500244140625,0.4495229721069336
MOT17-02-FRCNN,85,4,2,3.972024308595474,0.1470452320686697,3.9976284869722205,3.0420875838846224,0.7609730603527596,0.44201177926470014,95.4717150131173,4,1060.9996826436366,571.4846159390444,117.53589810217416,264.80472888023945,1060.4200013770617,562.232052488573,116.40126868957634,264.72328122701583,1057.0500183105469,576.1125030517578,120.14996337890625,284.1750183105469,0.2031097412109375
MOT17-02-FRCNN,86,17,30,1.7815065582442537,0.1219109112705844,1.1846525848108815,0.2852616364024965,0.24079771576916437,0.08953776277190346,40.943990225518945,1,1006.6158190630789,489.25677816279887,38.40754912575894,103.41317782210706,1005.2111089425158,494.5252569289762,38.88448268397474,102.1598909096312,1006.4250183105469,497.8125,36.45001220703125,99.2249755859375,0.1559543013572693
MOT17-02-FRCNN,86,9,9,1.255882288981538,0.14152828433637,0.7180299589895298,0.3422071677960908,0.4765917682288251,0.1964863171468042,16.166373117615727,1,593.7864127428568,483.29573224338236,20.412160071015425,56.37184498499118,591.3719728292815,485.672766773863,20.457801394624084,57.62502320591341,592.3125,486.00001525878906,21.5999755859375,61.425018310546875,0.26321732997894287
MOT17-02-FRCNN,93,5,6,2.134105774542628,0.12031223404939984,1.7244087436880953,0.6031926336491038,0.34979678446713275,0.22592652989184114,28.224995131743313,2,434.56407448484026,517.9572007839354,42.6137977657516,109.48688409477717,434.23236318463694,518.6410292889358,42.73470529867643,111.46272859849682,433.01251220703125,514.6875,43.875,104.625,0.26082873344421387
MOT17-02-FRCNN,93,8,2,3.5530905981016585,0.05298953286274011,2.759634234707518,1.360455625360089,0.4929840368878733,0.6051395355789748,43.559669761106534,15,1204.8131263551174,665.9365614162521,167.3500825884525,497.9271263129185,1201.005230929772,664.6892226360773,166.34089173650227,496.62685548400555,1204.2000732421875,668.5875091552734,162.0,496.1250305175781,0.3914315700531006
MOT17-02-FRCNN,99,21,11,2.3049899137476877,0.09427387124117936,1.2199997203034871,0.3851038232009319,0.31565894384396537,0.4550357797263688,13.215627387154719,2,446.06237947496675,506.0878444560441,38.43281095564079,92.24892412864085,446.4261229425229,506.04359528107864,36.866743703796374,96.08949951563073,446.51251220703125,510.3000030517578,37.125,91.80001831054688,0.10703372955322266
MOT17-02-FRCNN,100,29,1,2.093892642394814,0.14081697826166895,2.295383590142478,6.453793655972181,2.811640583163524,0.0786877076495739,25.449726367306603,1,529.2020636609496,490.5352469670137,23.30803881163263,64.64388073714468,522.7910448443007,487.299956557266,24.16717793522497,66.10621988882389,523.125,488.3625183105469,27.0,68.85003662109375,0.40752315521240234
MOT17-02-FRCNN,103,8,3,4.101277937962338,0.0840355715900053,3.437667785073269,0.05870757751968742,0.017077734438040282,0.6990706342700942,48.76936170592086,15,1185.8255264446896,665.643093996944,168.44894135404004,506.14229938057787,1189.5244021650458,665.3858468023845,166.34864944651508,506.18534614118084,1185.9750366210938,665.5500030517578,167.4000244140625,483.3000183105469,0.3278195858001709
MOT17-02-FRCNN,115,13,1,0.5227630294136169,0.08089454884446468,0.7073445487525576,1.2720507869089481,1.7983467733684837,0.06596826441864836,82.15061254623735,1,632.941482204544,495.4691735476159,25.902000828986104,78.84043577233831,633.1993727121587,495.4029114135468,25.717638043027137,77.37269117632013,634.1625061035156,495.1125030517578,24.29998779296875,77.62496948242188,0.17666500806808472
MOT17-02-FRCNN,130,11,9,2.49878597973937,0.09914146882672414,0.4849291099499914,0.43667572091189855,0.9004939319005432,0.1725169184059113,18.424670192376496,5,579.7038493949503,485.56314946738615,21.00772587851798,56.58163912648111,576.4368938868593,485.3843881570191,20.820474540919122,56.607010096312194,575.7750244140625,485.6625213623047,22.2750244140625,58.725006103515625,0.36160945892333984
MOT17-02-FRCNN,158,13,13,4.177424214950398,0.09632504399107589,0.7097194965916931,0.3997749583853801,0.5632858619570565,0.004996963766923414,132.29082815374835,1,633.819459593973,499.37494999154995,26.93703399269456,86.00263933184371,637.3410424868042,494.0080089531166,26.265018115240764,79.8535146039294,637.875,496.125,24.9749755859375,82.3499755859375,0.4417855739593506
MOT17-02-FRCNN,162,36,10,3.764680970541936,0.14129440535426563,2.3421366123113603,0.36255426166435556,0.15479637684608216,0.05777610793302331,33.154915920186,8,568.8810924341997,489.10906724860547,27.742966930487523,76.23405768643795,572.0715999232165,491.97230714295,27.078930245678748,75.49143848696815,570.3750305175781,492.4125061035156,26.32501220703125,73.57501220703125,0.17576217651367188
MOT17-02-FRCNN,165,47,1,0.8395393803757771,0.09621724846967239,0.6432539422872456,1.0163771859823552,1.5800558988700157,0.3085593969748,15.502237719314838,1,996.073319320565,493.2934729300538,28.33720957570434,72.50843258203778,995.8531706607024,492.8554214873213,28.524528577618867,73.69710533287741,996.9750061035156,493.7624969482422,29.70001220703125,73.57498168945312,0.40587425231933594
MOT17-02-FRCNN,166,57,10,6.828322971210059,0.1327594124103555,1.3876951528091896,0.8081090229566021,0.5823390110722095,0.11858577652683602,28.439371738461997,1,507.99827522793225,512.633770098499,35.646558611624826,92.81688522069497,509.5090740748069,502.97804391765476,35.93376174680367,93.3267039667266,507.6000061035156,504.5625,34.42498779296875,91.125,0.17128735780715942
MOT17-02-FRCNN,169,47,1,0.8281155175950846,0.016020545097860994,0.6544189349286891,1.088147574694989,1.6627690866150786,0.3169687994424067,14.560926495103201,1,997.3819948735046,491.8532415213768,28.322752499329603,72.11155093400421,996.134111540095,491.575688187231,28.443066595758864,72.12937376612848,996.3000183105469,491.7375183105469,28.35003662109375,72.22503662109375,0.2009725570678711
MOT17-02-FRCNN,171,67,11,1.8188874177141572,0.10602869087591793,1.7486023909644404,0.22829450633221696,0.1305582718586478,0.06111237965898838,80.95192379955812,1,1205.2304317540209,502.6504105464758,51.738586729572496,128.29623840000886,1207.2442923902095,500.4387596787395,48.74735069761027,121.51221967042477,1207.5750122070312,503.5500030517578,45.9000244140625,118.12496948242188,0.14760804176330566
MOT17-02-FRCNN,171,47,1,0.7974041014465293,0.06561612114786453,0.5813361258922853,0.753857635033396,1.2967672254606741,0.32559371739727816,14.275536747233922,2,997.0213692294279,491.9565027522947,29.147229215046757,72.85919569204297,996.8456154259285,491.9345793359479,28.588545477858133,72.33127852792705,996.3000183105469,491.7375183105469,28.35003662109375,70.20001220703125,0.22744274139404297
MOT17-02-FRCNN,176,19,3,4.6223252627916755,0.11666105875749222,0.507943858987733,0.8530182445125963,1.6793553646116568,0.15455372359536848,44.280613289636975,1,476.26336372750615,501.00772495740415,30.146923052874325,77.41614705075472,478.08082407653797,502.88845145034554,30.64933105856062,78.31046059348779,477.5625,503.2124938964844,34.42498779296875,78.29998779296875,0.22120893001556396
MOT17-02-FRCNN,177,72,2,2.054544411476424,0.11499894825198764,2.885868041129198,2.0640079375027045,0.7152121677383032,0.5861094048032812,23.594026150205124,3,1125.7297979728544,529.4904698532816,34.14064822136306,118.33145607390118,1126.2209336689473,529.6939595311115,34.44160408634207,118.14347894401834,1125.2250366210938,533.5875091552734,36.4500732421875,114.75003051757812,0.5588138103485107
MOT17-02-FRCNN,181,11,2,1.6733282776885605,0.09644171936424528,0.7085742361466775,0.3991200048339213,0.5632719685158042,0.4648179500077693,7.878620324807724,1,565.5906697045206,483.65512919376124,20.65195179822083,56.229815212469994,565.9754637262188,484.8574926312645,20.94703074042536,56.20741757304279,565.9874877929688,482.96250915527344,20.25,56.024993896484375,0.5050048828125
MOT17-02-FRCNN,181,72,1,1.801301860400895,0.041966667335922914,1.2722425989879964,1.0534733084160828,0.8280443598210487,0.5918393206950429,20.364534907658182,4,1127.202725976374,531.3960417242324,35.530093597256574,115.89045407967592,1126.2018208864888,530.4996043006033,35.70419797945806,116.19244886524353,1126.5750122070312,530.5500030517578,35.0999755859375,118.80001831054688,0.4218618869781494
MOT17-02-FRCNN,186,17,1,0.8625897635190651,0.09799026444223524,0.8591310101283498,2.2430536199429985,2.6108400156664087,0.2252739658877912,20.874264859189385,1,1029.9486261882062,494.5809796561734,30.06927666578098,84.38219295730917,1030.0746980596448,494.8624170086018,30.452411714191385,85.90348835731442,1029.3750305175781,492.4125061035156,31.04998779296875,81.67498779296875,0.5659031867980957
MOT17-02-FRCNN,201,2,1,1.3106821631316465,0.09997066617201333,1.797086976125161,1.7406489379982475,0.9685947097292953,0.5588705811438506,12.634232490191716,2,444.2958549881786,508.5832907584439,37.93317696840728,92.11135659614608,443.64073825343604,508.93663967270663,38.21681545020192,91.31422605779812,444.8249969482422,506.9250183105469,38.475006103515625,90.45001220703125,0.2829265594482422
MOT17-02-FRCNN,202,17,7,2.6485862478988764,0.1366387674205235,1.2653396736634726,0.1558332139368969,0.12315524216965476,0.48955158900515966,11.900530981193311,2,1032.3866187607894,491.1903523538882,31.138482914482626,83.32427209948743,1031.180407756501,492.97178707814277,31.423472137951194,82.04898978872973,1031.4000244140625,490.7250061035156,33.75,88.42498779296875,0.2717735767364502
MOT17-02-FRCNN,204,63,2,1.1020002267886697,0.14901317069718645,1.343962078188583,0.40514387655663,0.30145484246303317,0.36681841098261997,16.289345604328204,1,1043.1872975919318,492.3629403710074,35.60759146366276,90.24830913379765,1043.7247827955093,494.26199993414303,36.26274257635532,89.93530501445878,1043.5500183105469,493.08750915527344,39.14996337890625,97.87503051757812,0.5535674095153809
MOT17-02-FRCNN,223,2,2,1.752879612072883,0.09524778278457613,1.1952747916443862,0.6066558210843818,0.507545064386225,0.5692342923986082,15.33357106286533,1,442.5989132395406,504.6669324955502,36.73185070442427,88.65593612036417,442.5624092087788,506.3490070043196,36.45324949292842,87.22644229655191,442.125,503.5500030517578,37.79998779296875,88.42501831054688,0.10205894708633423
MOT17-02-FRCNN,226,86,3,0.3204132209128839,0.08838095378722732,0.6446492342504024,0.08499756303652034,0.1318508710172524,0.0,34.800737410064094,1,632.374140884635,488.1283076651263,22.994423429815605,53.87976346082713,631.9335102690898,488.59779843564564,22.95125400046868,53.65617705332795,632.4750061035156,488.3625030517578,22.27496337890625,51.300018310546875,0.18094462156295776
MOT17-02-FRCNN,243,73,5,1.4883346686703607,0.09314918775059078,0.9652191754533284,0.23486184071017596,0.24332488069341338,0.5805509757809019,6.656265151200427,1,564.8571840606314,486.92690260064904,23.242854936530826,62.96653332452138,563.951998501755,485.4131656570946,23.524034765011265,64.7811702011997,563.9624938964844,487.68751525878906,22.95001220703125,61.425018310546875,0.1287606954574585
MOT17-02-FRCNN,246,9,7,1.406235040379841,0.14175005720641676,0.7409806660727271,0.5504934474648151,0.7429255210969085,0.47624875363306984,14.874839715022722,3,600.4687412955544,481.14640172507967,20.58058198041038,48.929292836059425,597.7609724311628,481.3967405787066,21.007113388081052,50.49712616338297,596.7000122070312,481.95001220703125,21.5999755859375,53.32501220703125,0.13080406188964844
MOT17-02-FRCNN,246,73,2,0.8644206270143,0.03599952198482059,1.602602711031857,0.44281626682276976,0.2763106937075232,0.6403782119255855,7.1430299479795165,2,562.9263928133637,489.89684364698155,22.964705383208702,62.834406383756075,562.3979321525271,490.15809502804166,23.06910786449407,62.47533190434575,562.6125183105469,490.72499084472656,22.95001220703125,62.774993896484375,0.14043134450912476
MOT17-02-FRCNN,248,86,2,0.5139608856187613,0.05475506212310155,0.6331920295817319,0.21557503090030247,0.34045758763373096,0.0,35.26904482536117,1,631.7546790341855,488.1642025583749,22.26385267466878,53.777705928254186,632.0055326365617,487.7007414134553,22.23128429644248,54.68240717678566,632.1375122070312,488.3625183105469,22.949951171875,53.32501220703125,0.13164103031158447
MOT17-02-FRCNN,251,9,4,1.342079932597806,0.13442549731284426,1.07420055650419,0.4233645037861721,0.3941205403616086,0.4309790739062005,19.242375710365852,3,596.6202202072702,479.07846628489267,22.02878988161644,49.73098469039634,596.5663534003704,479.3530327763838,21.374995965116796,50.53322687490993,597.375,477.56251525878906,22.2750244140625,49.274993896484375,0.13225525617599487
MOT17-02-FRCNN,253,86,1,0.5340540061230717,0.03133133736579463,0.6589535480838405,0.2834007275828831,0.4300769430667444,0.0,34.80978599040146,1,632.3126930011471,487.1177273213628,22.965577847552932,55.55194627977973,632.2101606588311,487.29236848732273,22.956242161988484,55.17890012054005,632.4750366210938,487.3500213623047,23.625,55.350006103515625,0.19312065839767456
MOT17-02-FRCNN,256,51,17,8.54858972667391,0.14087863302831438,1.4540733389656202,1.2209709341413817,0.83969006337049,0.10233154874183814,35.60430177474914,4,1039.3087462650738,489.6726754886244,29.144697091850556,76.80895091747804,1017.8448512323662,492.5907159272926,28.61740453025095,74.43101679083554,1018.5750427246094,488.70001220703125,29.70001220703125,81.0,0.4206812381744385
MOT17-02-FRCNN,258,13,2,1.116627666514015,0.04635379996369804,1.1836197521149323,0.7140842187885953,0.6033054260142627,0.22795073642983352,21.531217759238235,2,683.3597901701386,499.445648534312,27.12165565166563,89.03521296871227,682.8177942527599,500.5013063545224,27.75514498020175,87.45066772524837,683.1000061035156,500.84999084472656,28.35003662109375,89.77499389648438,0.36867284774780273
MOT17-02-FRCNN,260,73,14,1.6174001404049316,0.1432673404320164,1.0713493234445055,0.3795820898984769,0.3543028231707646,0.5454590324387623,7.67427261976994,3,562.6786250836194,490.540770926619,22.955242546670345,62.79416044881528,564.9043778415454,487.6028143256784,22.973237067873924,62.41787427911032,566.3250122070312,486.6750183105469,22.2750244140625,62.10003662109375,0.42808055877685547
MOT17-02-FRCNN,271,87,2,2.3728268973503712,0.08254490700356953,0.7858889291255418,0.3697759320101669,0.4705193295210513,0.680917472573389,4.631390129907783,3,576.5931397915596,491.4505911067973,23.727410826411916,70.88709435241766,575.7562158133022,489.778787759657,22.910776955676283,70.02763721552714,576.4500122070312,490.7250213623047,23.625,68.85000610351562,0.5264139175415039
MOT17-02-FRCNN,280,51,16,8.326213084318725,0.14931262994546868,1.1385291020103525,0.3069426302129035,0.26959577025384857,0.24992645681695513,21.531111527501032,5,1018.5460625592897,493.27349962882585,33.10175049013329,86.42825841644776,1017.2464120223146,491.72027357205917,32.01122832117062,84.09619923024968,1018.5750427246094,488.3625030517578,33.75006103515625,91.12496948242188,0.22097241878509521
MOT17-02-FRCNN,284,11,4,2.6276347302279968,0.061857175436227374,1.3084419416303594,0.5904000647960757,0.4512237387166134,0.6744123360863684,5.110229926656245,1,564.432608663587,500.004065695135,28.92084289175745,78.42443932719824,565.6243654786185,498.9802775828226,27.221557775317024,76.82483894072544,565.3125305175781,497.81251525878906,26.32501220703125,76.27499389648438,0.26424646377563477
MOT17-02-FRCNN,288,51,2,4.5374813286031745,0.09070364142493414,2.3228900732719406,0.5985265721706062,0.2576646131719625,0.6667130166981288,5.877255279881098,1,1007.5975214933326,493.18381325774783,28.804369590319727,83.36821102225309,1005.8171315251917,491.2429694564453,29.500616341667865,82.09403468964291,1006.4250183105469,493.4250030517578,28.35003662109375,81.67501831054688,0.3617058992385864
MOT17-02-FRCNN,291,77,1,2.1124101898891925,0.12171642548325834,3.4642583641917453,2.836150565368926,0.8186891008721386,0.14574647219502504,89.2577337832001,1,1277.677980761746,487.81927599165897,35.190590409797394,95.39410387252065,1279.1227211333955,490.16783426537614,36.21673574443912,97.9275560535101,1280.4750366210938,487.34999084472656,37.7999267578125,96.52499389648438,0.564572811126709
MOT17-02-FRCNN,298,77,1,1.960638243926446,0.085159455358778,3.0730821036679385,4.003492172129497,1.302761214010862,0.18261644796379092,82.48385376047099,1,1297.428984878578,493.2537936405128,44.27345940840808,114.6446621676473,1299.9636923602254,493.77467685050476,44.99534297973241,111.78574680579368,1301.4000244140625,493.76251220703125,45.89990234375,114.75,0.5970382690429688
MOT17-04-FRCNN,12,129,4,0.6973357982128362,0.13477524842371635,0.7458884108608961,0.5181363780526145,0.6946566946315565,0.6975602942925598,18.90824868502821,2,246.18961900321133,194.0147913972983,52.38985575289645,171.3216989373417,247.31772748383662,193.5702733832211,52.27503331522459,170.47588397470702,244.1812515258789,194.52655792236328,54.33750915527344,175.24685668945312,0.4113854169845581
MOT17-04-FRCNN,22,138,2,1.594382377798548,0.11421165367171404,2.310544933495361,1.6882308913193984,0.7306635187420768,0.6975425583095743,25.447066426526188,1,386.2179232784831,171.1328330267465,51.529053065208124,155.9513098939282,385.61875770009874,171.5553223297512,51.41127264368606,158.137350668818,383.0625,169.9312515258789,49.95001220703125,155.58749389648438,0.3004169464111328
MOT17-04-FRCNN,24,139,3,3.2846577187496355,0.13667227093843926,2.4048978466103166,0.5727355524994052,0.23815379655592075,0.4586873050550617,16.184507164617006,1,390.9934581491879,-11.030753038383693,38.4770917962868,131.92390424367693,393.4766232937105,-11.080189388699647,38.577009204450746,132.17008259057198,391.1625061035156,-12.740623474121094,39.1500244140625,136.01251220703125,0.40296435356140137
MOT17-04-FRCNN,29,140,1,2.2284917450536446,0.1432323655222134,3.365970054288292,3.4702636077092692,1.0309846943789966,0.2210381191985117,75.74333961770925,2,503.9823841565894,-15.945084115112252,51.15529281097388,150.03109505291042,504.80321191361026,-18.641859440250883,50.668645801431126,153.62739790498793,502.875,-12.65625,50.625,147.65625,0.4481935501098633
MOT17-04-FRCNN,42,142,3,1.7018970178378157,0.10296745540110008,2.362110387914007,4.882937174092417,2.0671926253220394,0.2026902303023327,62.93980872402068,1,467.1450120061529,7.657431576509424,48.304666650129285,152.38775049363196,466.84918220000384,-5.8483521785540376,47.31506398762417,150.2277871787438,464.7375030517578,-6.7921905517578125,49.274993896484375,153.47811889648438,0.4451131820678711
MOT17-04-FRCNN,43,142,1,0.5594478044948845,0.07359211991795844,2.843310423852398,1.2698105886032105,0.4465958334872018,0.2173498112285741,59.99729750940992,1,464.92930241528563,-3.6385089368150716,49.11112274634445,153.23938509177276,464.75278125705574,-5.621505650513242,48.384095598106796,152.7792519175526,464.7375183105469,-4.8937530517578125,50.625,157.6125030517578,0.46282529830932617
MOT17-04-FRCNN,48,141,1,0.35239720487553206,0.03479816341263342,0.3914553980049373,0.2395386879838675,0.6119182139387596,0.0,255.1983660923791,1,1251.3991508156807,83.51220246385375,64.5569620038822,89.89015177517639,1250.5926978698415,83.31902882579917,64.72523111209966,89.97480297225951,1251.4500122070312,83.27812576293945,64.7999267578125,90.7874984741211,0.5877571105957031
MOT17-04-FRCNN,54,141,1,0.314779778530119,0.017009394883347295,0.14974493573777936,0.6990683038743035,4.6683936283391425,0.0,258.6587587365201,1,1251.4730729128648,82.94506844063075,65.30259741441915,89.27382094470254,1251.254955641381,82.86633354259898,65.84085968294357,89.19281043751312,1250.7750244140625,82.98281478881836,66.14990234375,89.015625,0.48508214950561523
MOT17-04-FRCNN,55,125,2,1.1045507897629845,0.0860924386484595,1.1548198227575508,0.9356378596966674,0.8102024586506429,0.0,80.30055595182147,1,644.363485610362,140.74923647751834,52.518995192776494,144.15662508804482,643.7423744918308,141.18283566742463,52.08698138363684,147.0372799490748,642.9375,141.96094512939453,48.5999755859375,144.02813720703125,0.10941207408905029
MOT17-04-FRCNN,56,141,1,0.33894890677303874,0.020181794761897076,0.3416743270119429,0.19712531672790848,0.5769392112419911,0.0,259.0545005360223,1,1251.2913874064188,82.5935986312844,65.19133877936696,89.26250538435325,1251.0511728171045,82.84609552622265,65.44443163538199,89.21619857999957,1251.4500122070312,82.47656631469727,66.1500244140625,89.69062805175781,0.4748344421386719
MOT17-04-FRCNN,84,141,1,0.3538070942892223,0.043892642056420295,0.3753485383908727,0.8628130055453599,2.2986981892729834,0.0,259.9303378574989,1,1251.388215551837,82.71331751559482,62.83933471612571,91.61572104502225,1250.971861077696,82.69365518447248,64.10997799902361,90.70654205574823,1250.7750244140625,83.3203125,66.14990234375,89.859375,0.4506847858428955
MOT17-04-FRCNN,86,141,1,0.3720558694873409,0.0436849313387947,0.4706906108671816,0.5356005673630547,1.1379036568761922,0.0,260.60298397674865,1,1250.4379168670523,83.16635981209457,64.85029757207147,89.88263912319574,1250.9585675338358,82.84383988716824,64.20511824690766,90.67950881409908,1250.1000366210938,82.75078201293945,66.1500244140625,89.3109359741211,0.36100339889526367
MOT17-04-FRCNN,88,141,1,0.3761111508904007,0.014135326521306113,0.4830012840171368,0.2514919476246366,0.5206858779607586,0.0,259.9034995256898,1,1250.5251117850928,83.20780252072213,66.83755886932511,90.24402763496343,1250.9521106042935,82.84301484765845,65.78697518646459,89.88435255631981,1250.7750244140625,83.23594284057617,66.14990234375,89.85938262939453,0.2354130744934082
MOT17-04-FRCNN,89,141,1,0.37684520662017773,0.039255753886282774,0.37424802750609404,1.144499098119409,3.058129940580041,0.0,260.54474289826044,1,1250.6569793790825,83.2232847261127,66.43530344591092,90.01117120231908,1250.9524508127354,82.853329986399,66.31531047774433,89.92719658269425,1250.1000366210938,82.22343826293945,64.7999267578125,89.3531265258789,0.42216718196868896
MOT17-04-FRCNN,93,125,2,1.2094932119280286,0.08956525498869916,0.7119394634263836,1.1879515675382866,1.668613173683304,0.0,73.01398853711517,1,640.7399386148116,143.26162061956057,46.182344486884666,146.19262829211598,639.9029258856298,144.21026917834413,46.01776728524737,145.3195584159334,640.9125061035156,145.6312484741211,47.92498779296875,152.8874969482422,0.34812164306640625
MOT17-04-FRCNN,116,141,1,0.33861069860853354,0.07480328509623135,0.5520951639836118,1.8077806629967785,3.2744004673992038,0.0,261.27913468820157,1,1250.5932935660458,81.05478337465024,65.69349343536656,90.57447530247987,1250.7496205044708,81.47315402111141,65.24590573372689,91.6512762608524,1249.425048828125,82.43437576293945,67.5,95.17500305175781,0.4013538360595703
MOT17-04-FRCNN,118,141,1,0.3495509788383684,0.07303084819092609,0.9133672175025497,1.7313506048548777,1.8955690238028984,0.0,260.5906001766317,2,1250.4126381724382,82.93492150269856,65.58298147180815,94.79107225440815,1250.7679955525484,82.98221293966247,66.03913229119507,92.9587843913447,1250.0999755859375,81.23203659057617,67.5,98.08594512939453,0.49976110458374023
MOT17-04-FRCNN,126,115,2,2.130366920490039,0.0656965041315225,1.4321372799130465,1.823197605238285,1.2730606421676154,0.0,118.49373960238363,1,1530.2331656864471,269.61619481739564,50.41612027598007,167.354113315963,1528.9212351059848,269.47787974462625,49.526518339544964,167.23850013713934,1529.5499877929688,266.0343704223633,48.5999755859375,160.4812469482422,0.1543647050857544
MOT17-04-FRCNN,137,118,1,1.4017245131322944,0.08193117690884943,3.188844366699124,2.1096188534146036,0.6615621870559768,0.3436885695839748,73.50589545120363,1,495.6550084492731,-2.174878984209883,47.86928888333865,152.05005309019273,496.0166212098824,-3.8549778163210107,47.90884756818099,151.62572675056583,494.7749938964844,-4.092185974121094,47.92498779296875,156.9375,0.4414236545562744
MOT17-04-FRCNN,141,118,2,1.6273456295726394,0.05497578380989521,1.7518917151883628,1.0553325384133554,0.6023959867290578,0.3243297762932824,73.64496215147355,1,493.6700076422528,-3.9619286771635416,47.4340891086058,155.70694521504907,492.68784735597785,-3.5221080561786238,47.71999951112275,156.06558665442114,493.08750915527344,-5.990623474121094,46.574981689453125,151.875,0.37554359436035156
MOT17-04-FRCNN,146,115,2,2.1996515286492397,0.09507143690852549,1.3848728296575346,1.2958119998076214,0.9356902468279799,0.0,140.34587024459924,1,1521.2218221275227,247.3190865422395,51.33770577522925,169.1798702435729,1521.1028620124155,246.9837342278252,51.33518250341103,165.69345109881635,1520.1000366210938,244.98282623291016,51.2999267578125,176.25938415527344,0.29534435272216797
MOT17-04-FRCNN,151,115,2,2.1532593901784325,0.047054604182791615,1.6098526621869351,0.9007079182043288,0.5594971138419245,0.0,144.4898699806608,1,1517.692011432368,244.0784935153861,51.55361749416883,172.228341029391,1516.3886547569305,246.00221828915144,52.19384770847364,173.42160505371345,1516.050048828125,243.33750915527344,51.300048828125,171.78750610351562,0.13283884525299072
MOT17-04-FRCNN,154,115,3,2.9010640327960866,0.04868095456406141,1.5322988543210234,0.9399278490547522,0.6134102668054552,0.0,143.82117977948573,1,1516.0924663638568,243.18781680975707,51.367815732022926,171.91474615465344,1513.5473943552338,247.45024421786644,51.630561382255564,172.34301973146069,1513.3500366210938,243.84375762939453,51.2999267578125,171.4499969482422,0.16471266746520996
MOT17-04-FRCNN,175,116,2,1.7552644488184121,0.11467306939796906,2.3291342726202133,1.2808012366612735,0.5499044223072664,0.03191678697679227,62.84693874731794,1,949.5716214884571,-53.74951464704956,46.05147963566161,126.52562039087404,948.1718086831157,-49.10623755338719,44.525034507334794,121.30406304248191,947.0250244140625,-53.47265625,45.9000244140625,124.2421875,0.35262346267700195
MOT17-04-FRCNN,188,146,4,1.165723975119039,0.1232890240120813,1.1981264263748663,0.45144515021268433,0.3767925823809828,0.0,57.094296813260996,1,1605.6693558036181,-27.928323208837355,43.18245242228458,133.5594156728684,1606.9411277159222,-29.654578708019955,43.293358399866065,131.7960487066146,1605.1500244140625,-29.657814025878906,43.199951171875,138.6281280517578,0.3711364269256592
MOT17-04-FRCNN,190,150,1,0.313923514057932,0.015011537043982282,0.2922626877279016,0.31028095105102776,1.061650919120751,0.0,215.9057218580053,1,1250.7575018886707,81.51287275849747,63.47100576108044,95.95685252797765,1250.8784456981132,81.58104010880626,63.475376733718804,96.35489375220271,1250.7750244140625,81.82265853881836,63.449951171875,95.21719360351562,0.38341736793518066
MOT17-04-FRCNN,191,146,3,1.1205158993714157,0.07730363800287665,1.0850904420887197,1.156602959530434,1.0659046607249234,0.0,57.36536273343899,1,1604.9868727579953,-29.316366234118888,43.19131813832214,137.86791445935498,1605.5096018330466,-30.05120290189164,43.2099087901056,134.3230361695291,1605.1500244140625,-25.85039520263672,43.199951171875,130.88671875,0.18947505950927734
MOT17-04-FRCNN,200,114,1,1.5283783053405016,0.07643236441838952,3.7130757495703905,1.3947748281179249,0.37563866782930644,0.006629498993828319,50.426226703987005,1,1553.8273895023567,-46.949156878294275,46.461143146145616,134.7139743207103,1555.7172082538796,-44.19845763777387,47.92123330662025,134.16252533308383,1555.2000122070312,-46.701560974121094,45.9000244140625,135.75938415527344,0.34007835388183594
MOT17-04-FRCNN,206,150,1,0.28925437380767727,0.04978188408907769,0.4602598870144734,0.3266597678693715,0.7097289533274042,0.0,244.65102617834447,1,1251.2012033966075,81.27349506595795,64.65826774928138,94.78904586735757,1251.208619511489,81.25198692911948,64.19213132700634,94.79540569842948,1251.4500122070312,81.48515701293945,62.0999755859375,96.56718444824219,0.19098567962646484
MOT17-04-FRCNN,234,150,1,0.27968939584048397,0.018414949511371348,0.4368089437419802,0.22562437376767358,0.5165287409979138,0.0,249.70326806780318,1,1251.4466013074211,80.54237244883628,63.578398788357106,94.85138907523599,1251.5336262143342,81.26953999952175,63.12677053344714,95.35949493356327,1251.4500122070312,80.76797103881836,63.4500732421875,96.65156555175781,0.2771573066711426
MOT17-04-FRCNN,241,150,1,0.27698111570634837,0.03982438086516071,0.43927412202899124,0.8442238588324221,1.921861126107276,0.0,243.24267644820708,1,1250.6105982981903,80.62593215190219,64.5345518460994,95.54682819388404,1250.5634924516332,80.85188785651127,63.76769418200047,96.55290244132472,1251.4500122070312,80.53594207763672,62.0999755859375,97.79063415527344,0.42178118228912354
MOT17-04-FRCNN,244,150,1,0.2861864768171959,0.03028570061281277,0.3885654258137633,0.6054936958631417,1.5582799076759615,0.0,207.84835378517803,1,1250.2226346348436,80.56218973853427,63.39184888805223,96.61035022368561,1250.5111152487134,80.76006900470534,63.235544158984794,96.697903716374,1250.7750244140625,80.8101577758789,63.449951171875,94.54219055175781,0.30158042907714844
MOT17-04-FRCNN,245,150,1,0.2845563840271787,0.030082811015489708,0.4354207582050972,0.9431853870450211,2.166147041158636,0.0,207.77566769001035,1,1250.5335998034284,80.713588023008,63.43925849620732,95.30814585359634,1250.540185403853,80.84976214844374,63.374226124146844,96.14527095327293,1251.4500122070312,80.93671798706055,63.4500732421875,96.31405639648438,0.5572090148925781
MOT17-04-FRCNN,247,150,1,0.28928721582105515,0.023008735118744128,0.3470341466125724,0.5487802323710359,1.5813436162629035,0.0,207.72708541412607,1,1251.3069276242086,80.71317198492088,62.596598507594095,96.87006263337133,1251.1382224236281,80.88193660395066,63.16124353497844,96.03893617687845,1250.7750244140625,80.57812118530273,62.10009765625,95.68124389648438,0.4156990051269531
MOT17-04-FRCNN,249,150,1,0.2924072269151683,0.025512394574694786,0.33946710914990896,0.6679078944733913,1.9675187270600716,0.0,207.67835978018235,1,1250.8514681407105,80.73539731928584,62.99920973323247,95.52957933744159,1251.0990953173664,80.82126358681364,62.620022373008396,96.17848313808281,1250.7750244140625,80.07187843322754,62.10009765625,97.03125762939453,0.3893471956253052
MOT17-04-FRCNN,250,150,1,0.29644010204070176,0.013577678331659015,0.3040223920984283,0.29774238402051856,0.9793436002046962,0.0,207.43212668811117,1,1250.797546887868,80.30233096078673,62.42802331815898,96.47593179003441,1250.988704057682,80.55414440282426,62.56383064319698,96.04710619030382,1250.7750244140625,80.5992202758789,62.10009765625,96.65156555175781,0.21358728408813477
MOT17-04-FRCNN,251,150,1,0.296924983301733,0.02151316275561188,0.285644729750702,0.5220947977987384,1.8277767570030068,0.0,206.08558328285082,1,1250.762162715543,80.46725075844874,62.20960280989339,96.59501705408269,1250.8762042247033,80.59336770124023,62.545611953761636,96.20017606051954,1250.7750244140625,79.94531440734863,62.10009765625,97.62187957763672,0.3152148723602295
MOT17-04-FRCNN,252,150,1,0.2984613310841171,0.02805868312427462,0.2855008725541656,0.35122138272830866,1.2301937279076949,0.0,205.67881733678507,1,1250.7716822247232,80.14254223079159,62.12446642403122,97.25608222247436,1250.8045237671336,80.40312355312061,62.25403085069456,96.77567702219713,1250.7750244140625,80.49374771118164,63.449951171875,95.84999084472656,0.5017251968383789
MOT17-04-FRCNN,258,148,4,2.701416129764778,0.11586597960924294,1.1492776684137191,0.9111578142505476,0.7928091176679397,0.6636475611522981,19.07769170544873,1,502.2029231917237,142.07132514796677,51.282700764450794,160.08648318901092,502.9445957720267,143.16863879983492,52.23204164201189,160.66982185085203,501.5249938964844,145.65235137939453,47.92498779296875,154.87033081054688,0.1267024278640747
MOT17-04-FRCNN,258,150,1,0.2918430892336441,0.03515371969498027,0.33850472085317473,0.48097818634219214,1.4208906308010245,0.0,203.07216510553002,1,1251.252860084742,80.65410996682455,62.08647184392125,96.48054438972511,1251.1926736761684,80.49531369870907,62.10032940275687,95.94736886510802,1250.7750244140625,80.59921836853027,63.449951171875,97.3265609741211,0.39418625831604004
MOT17-04-FRCNN,266,150,1,0.29635326889994557,0.02232465501706349,0.3478829667802531,0.3748344805800963,1.077472933065066,0.0,195.52419463864425,1,1251.1489557264326,80.60794253469511,63.46757340298487,96.31388925788463,1250.9949570380081,80.7136461199767,63.46143935622558,96.06401687160152,1251.4500122070312,80.83124923706055,63.4500732421875,96.86249542236328,0.44107580184936523
MOT17-04-FRCNN,271,150,1,0.2911000337186863,0.023155735255633192,0.4406061735613705,0.7953576003012771,1.8051440220923154,0.0,192.77285648383113,1,1251.6276060347604,80.98409589306472,62.148428829747026,96.30894553970025,1251.599929356626,80.8660389082859,62.34103654751971,96.50585859592002,1251.4500122070312,81.75937271118164,62.0999755859375,95.84999084472656,0.4588381052017212
MOT17-04-FRCNN,273,150,1,0.2899381187934144,0.026541603067454567,0.4922070829428023,0.5599085003840145,1.1375466135847532,0.0,192.2947131702458,1,1251.496255807287,81.11503101804696,63.79410641038314,96.6377095302907,1251.386466530363,81.16957142636443,62.681961161836625,96.3228350442107,1251.4500122070312,80.55703544616699,63.4500732421875,97.74844360351562,0.5812883377075195
MOT17-04-FRCNN,281,112,2,1.362640957025236,0.146749769394515,3.203792549671906,2.890653765649559,0.902259968719131,0.14793065978525716,72.08479889260528,1,1579.5013207694924,128.94037709565202,54.27365986066956,150.55683403926386,1576.7572507969571,132.14339172794953,55.23382755153307,156.18840081704826,1574.1000366210938,126.87891006469727,59.4000244140625,155.2921905517578,0.4299020767211914
MOT17-04-FRCNN,282,150,1,0.3066471800065095,0.0356461504770077,0.22539067677739844,0.15349508676806686,0.6810179061650474,0.0,185.1642084908011,1,1250.7228073259726,82.01581978143115,64.38949313195603,95.95629265674339,1250.9855665813743,81.85945139019348,63.998833341307545,96.32736829947734,1250.7750244140625,82.16016006469727,62.10009765625,96.22969055175781,0.48291778564453125
MOT17-04-FRCNN,288,112,2,1.4590729136467395,0.14697445102729312,1.726322981185152,1.616160236550237,0.9361864808407484,0.23478995323425697,69.28898087553844,1,1570.7378126649455,123.82143438413416,61.55589009467172,151.76162022990727,1572.3171601762376,122.63618633888936,63.58256681293824,155.59259563258922,1568.7000122070312,126.33047103881836,64.7999267578125,154.70156860351562,0.12274771928787231
MOT17-04-FRCNN,291,112,3,2.0570675168493553,0.11579879302974516,1.6318160117596654,0.6421597013268011,0.3935245742774209,0.2707012533701132,67.18813559586616,1,1568.743110665049,125.19316314884716,64.05087861303439,153.97459328413098,1569.7034881006534,127.78167518835478,63.466480522419715,153.93283989086163,1567.3500366210938,123.86249923706055,64.7999267578125,157.27499389648438,0.1002347469329834
MOT17-04-FRCNN,295,112,4,2.4297127335065523,0.12773971178405386,1.4426765214882116,1.2049333642264155,0.835206885451668,0.3404719577843223,63.500769379695534,1,1567.0721479474043,123.65390554108916,64.66803504450041,156.67187045080024,1564.611120868729,122.84538779558132,63.42493458406898,154.1360279882795,1567.3500366210938,118.84218978881836,64.7999267578125,150.4406280517578,0.20970821380615234
MOT17-04-FRCNN,299,112,3,2.001938304245337,0.13481108382443008,0.8786977147678134,1.7342203576945225,1.9736256605068923,0.4349287072868847,53.56211327045271,1,1566.8985327709433,118.70959429673817,64.79842351470243,151.04766266127842,1569.5938174992361,118.89801992696843,64.75111657598018,153.0313277119762,1567.3500366210938,113.52656173706055,62.0999755859375,142.171875,0.20344805717468262
MOT17-04-FRCNN,301,151,2,1.843915954984639,0.09108204320582924,3.1139648533916513,0.4318281856909285,0.13867471407732565,0.08479330898202757,59.46201203355912,1,276.0488029593484,39.05911540628981,48.650799440198824,145.83788576024057,276.12279621191146,41.37230540261963,48.65825214750339,147.89897033429614,275.7375030517578,38.25351333618164,46.912506103515625,139.4929656982422,0.2132248878479004
MOT17-04-FRCNN,307,151,1,1.868333456352305,0.07450268774805946,1.6385618046105561,2.9314014946505265,1.789008804185598,0.05867802897011059,58.32403759260254,1,276.56456539183284,40.56785523990578,49.33022601119216,145.2552431726303,276.36453264967287,38.93227808087855,48.931676905629956,143.82112665356095,276.4124984741211,43.495309829711914,49.61250305175781,145.88436889648438,0.4136073589324951
MOT17-04-FRCNN,308,151,1,1.8944222634286112,0.023992532424510493,1.4104350842991895,2.169380352890132,1.538093016147598,0.05055977630526398,58.784184828867,1,276.4711350580508,42.48868008063416,49.524949518755314,145.65289816143513,276.3875962558309,39.00108218773683,49.23131323050521,144.44733358021745,276.2437515258789,40.33124923706055,48.93748474121094,146.1374969482422,0.2831447124481201
MOT17-04-FRCNN,313,151,3,1.9118553433598937,0.05142248500527635,0.9704013922819625,0.11248828480954388,0.1159193357555066,0.08539451043073057,59.276015407137855,1,276.2358044206925,41.861702244242764,48.897229102928726,143.13620519818252,276.00298205759566,39.24180944150258,48.964412269057675,144.12413606493593,275.90625762939453,41.93437576293945,48.26249694824219,139.0500030517578,0.5150032043457031
MOT17-04-FRCNN,316,151,1,1.9638914184695972,0.04274335586490252,1.4505037959074636,1.216838094452259,0.8389072113327227,0.08946390375120279,59.75277662924766,1,275.5173887572324,36.40186370413755,48.64998424861618,144.95878147508637,275.81354002318375,39.25828594047405,48.592866023246074,143.1744753214683,276.2437515258789,37.37812805175781,48.93748474121094,145.63125610351562,0.2158794403076172
MOT17-04-FRCNN,324,151,1,1.4509297879121306,0.030147115657629397,0.8516277778946126,2.625049157584534,3.082390248089558,0.049790516877356646,59.73407129233798,1,276.14554364097035,44.769414503417664,47.4099850450908,139.22749265878014,275.7764304933378,43.41176546279979,47.692379588149265,139.89938687095315,276.0750045776367,42.14531326293945,47.25001525878906,140.3156280517578,0.49749183654785156
MOT17-04-FRCNN,327,151,1,1.4715827141485265,0.03462879129310781,0.8673027432406547,1.275733504518497,1.4709206381058488,0.05628579533065162,59.16870714803479,1,275.9635835887087,44.44280202869467,47.09828003840484,139.05220298950354,275.7890372677165,43.430155756997024,47.28392285297423,140.22262210534515,276.5812454223633,43.32656288146973,46.57499694824219,140.3156280517578,0.13956284523010254
MOT17-04-FRCNN,333,129,3,0.9954656833149389,0.058007020865845194,0.7445396460839322,0.5026422733191888,0.6751047791248523,0.7039774740592667,9.332475397510521,1,232.23740116126547,181.61707326846167,44.22811993867599,178.18827466118634,231.63708300077607,182.6368617156803,45.421456673791,179.24389573837277,230.85000610351562,182.20781707763672,43.875,174.9093780517578,0.38982295989990234
MOT17-04-FRCNN,334,162,1,0.7505303113052466,0.13061219338453223,0.8372399833742603,2.9452555265071134,3.517815184407569,0.04326712832339233,122.36678401978936,1,1549.8055238155828,-33.29394205364697,48.649660532986196,119.21896328937171,1549.5415851949622,-33.44308429390007,48.75056450413149,120.58021789343823,1552.5,-32.10468673706055,51.300048828125,119.55937957763672,0.519498348236084
MOT17-04-FRCNN,335,162,1,0.7714633239958765,0.11951093555155812,1.0403353197870826,2.7119273800613404,2.606781994690298,0.044121658134166686,119.82442620898983,1,1551.5147318690983,-32.51310849041517,50.33956938625105,119.40930729291402,1551.2619410024552,-32.62602486340238,49.235376872170036,119.51891567967505,1553.8500366210938,-31.134376525878906,51.2999267578125,117.44999694824219,0.5456042289733887
MOT17-04-FRCNN,345,162,1,1.3123153867511144,0.04082915340364024,2.7540115923881197,2.911157844664595,1.0570608535965555,0.036569277146655345,111.21147237173477,2,1565.895878986906,-31.498588420691476,41.06714593464573,125.3904846219038,1565.1477432108566,-34.621072400865316,43.311256021377176,126.4751379098264,1564.6500244140625,-34.12968826293945,43.199951171875,124.1156234741211,0.5650568008422852
MOT17-04-FRCNN,347,160,2,1.6645427930061405,0.13530929379497258,1.6586444179214979,3.454908057777437,2.0829709010849333,0.685741059941139,21.33559549172297,1,274.2710110567707,164.98048714881074,51.76248236233164,165.97347344345016,275.8815625945967,165.81245898722122,50.332490491783375,164.43688217030973,274.5562515258789,158.0765609741211,50.96250915527344,168.4968719482422,0.11944413185119629
MOT17-04-FRCNN,352,151,1,1.3334685126647294,0.07521697664451488,1.2147660422822328,4.096701530742809,3.372420192983137,0.08845997124001945,61.29165225142346,1,275.59982949457424,38.358216865451546,46.974876223043495,145.60538955323202,275.769171575847,38.89856352791381,47.19941898420208,143.7963446829805,275.0625,42.41952705383301,47.25,147.36093139648438,0.5484960079193115
MOT17-04-FRCNN,371,151,2,1.6079572521426437,0.037847020086776206,0.8650213518174584,0.27700912334362465,0.32023385638009155,0.10994121001531106,59.828150809097494,1,276.1463484480271,38.23727292004145,46.00166224202369,143.52482239782017,275.86049124844317,38.88403287022756,46.44950876139072,143.17540835319213,276.58126068115234,38.580474853515625,45.56251525878906,144.23907470703125,0.24278759956359863
MOT17-04-FRCNN,376,162,5,4.3835806444593395,0.09337508229799474,2.2524752197061533,0.4796986637161867,0.2129651236646083,0.10933556890097237,94.67594229026824,1,1551.9596618638016,-30.796194832601607,50.34799703016186,127.59027860035958,1552.789073610592,-35.009208532367076,49.25380994953093,123.17074144011981,1551.1500244140625,-33.05390548706055,48.60009765625,123.9046859741211,0.13914227485656738
MOT17-04-FRCNN,377,170,3,3.161304904951537,0.11169127832006043,3.463078511047298,1.5819230081986877,0.4567967498144549,0.07177904219476389,81.20522276287862,1,1858.161834406373,749.7124417829942,63.10453218168006,222.69132610206182,1855.1033095426253,753.9340925499874,60.696147082209336,211.21349564005027,1856.2500610351562,745.3687744140625,62.0999755859375,212.9625244140625,0.15607774257659912
MOT17-04-FRCNN,379,151,1,1.1419097176793234,0.059059459067067444,2.127350074243942,3.606286181122537,1.695201097733859,0.11083539687578545,60.876146014283805,1,275.9756819129838,39.223654508947384,46.6843984261539,145.0932723344722,275.8610419764202,38.862720144094666,46.412742601831496,144.06583423205862,276.24375915527344,35.62734603881836,46.912506103515625,148.79531860351562,0.5135297775268555
MOT17-04-FRCNN,382,151,1,1.1482863347289425,0.02842428408890918,1.870712100793853,0.3899650848267968,0.20845809713921867,0.1239267852874431,59.51267159586482,1,275.91424945297206,40.32307361757833,47.43176648954121,146.41617086253459,275.8714360619732,40.5720184714021,47.130668206783184,146.81371944989482,276.2437515258789,40.53164291381836,47.24998474121094,144.89297485351562,0.5181012153625488
MOT17-04-FRCNN,386,162,10,4.544770601680076,0.0880842856249302,2.210411656084859,0.1531001122153835,0.06926316724485546,0.10473117321249717,92.65334590532909,1,1551.3177822083019,-32.67181278527953,48.83622127617387,124.39107900152078,1550.8334407465427,-34.9597802943341,49.28305827859003,124.58537535236398,1552.5000610351562,-33.64453125,45.9000244140625,123.3984375,0.1273500919342041
MOT17-04-FRCNN,387,151,2,1.4235679362417004,0.06314693490210344,1.033878032550665,0.6983788900415115,0.6754944665170528,0.1089466683880498,61.48280027786275,1,275.44574254583176,40.01398873500694,46.000940059204154,144.02354574724126,275.59635126752306,39.65282144495859,46.860277717874624,144.56559611943092,275.5687484741211,38.622657775878906,44.55000305175781,142.46719360351562,0.4067056179046631
MOT17-04-FRCNN,388,162,2,3.2698927505567257,0.12638052233298636,1.8013993213688224,2.5924616356828167,1.4391376775433071,0.09686998088937374,98.1609864578012,2,1552.452989036319,-33.5451126077822,46.06840991047066,123.45045338606994,1552.0475867239181,-34.9172486695425,48.41754273893548,125.14393699598341,1553.8500366210938,-38.53827667236328,51.2999267578125,133.18594360351562,0.141082763671875
MOT17-04-FRCNN,388,176,1,1.617133690176833,0.06466899281648564,2.7225377616691793,4.118145347000574,1.5126127560029698,0.10779198417994193,54.45511389653901,2,366.4435532482793,-35.22512125910461,48.04623710458774,139.11486893300983,370.6177775015094,-35.184929140832125,48.793743226451056,138.97598652493934,369.8156280517578,-37.58906555175781,49.443756103515625,141.1593780517578,0.4663705825805664
MOT17-04-FRCNN,392,162,4,4.525723471535338,0.12630767171779755,1.7155434438451094,0.6448290566613293,0.37587451310242,0.08531983981089962,99.42740407793475,2,1553.5478509941502,-37.36264880143497,50.10038931345023,130.90093093071863,1550.9945526266386,-34.931538042754696,48.33500683336479,126.24748777276977,1552.5,-39.71952819824219,51.300048828125,134.1984405517578,0.15348941087722778
MOT17-04-FRCNN,392,157,2,2.0831666655357126,0.1034646907537442,1.4741824506629422,0.5972936935504795,0.40516945055333925,0.06678291806797354,72.49305428237513,3,733.7214810225614,15.465112189434933,65.71916228686202,137.05322444782473,735.1393692572858,13.284777039603721,66.5075534522498,137.89269806649398,733.0500183105469,16.453128814697266,66.14996337890625,132.80625915527344,0.19362008571624756
MOT17-04-FRCNN,392,151,2,1.2626807209363737,0.09633498637691396,0.7624597962077269,2.7859355883968955,3.6538786730177795,0.05117118162683228,63.774555261062595,1,275.12440748065535,38.87511521174941,44.21459195529442,143.35161964626428,275.41125538071975,38.451847648306256,44.31437478201079,141.95392126852315,274.7250061035156,33.31757736206055,44.88751220703125,151.7273406982422,0.12322604656219482
MOT17-04-FRCNN,394,157,2,2.222347987131669,0.09147149318280912,0.9039725811597082,0.9001879813181103,0.9958133687675098,0.06739586056093108,74.20399354436056,3,732.9297121964441,16.356677280583327,66.17195771683886,133.8653570623779,734.7044442545543,13.461114632505126,66.20385809055892,136.67554874047562,733.7250061035156,17.971874237060547,66.14996337890625,135.5906219482422,0.1144111156463623
MOT17-04-FRCNN,395,151,2,1.3234766067284782,0.12656024477395522,1.014062572253313,2.186424199569022,2.1561038336230527,0.08200184436902452,65.08726886486619,1,275.3769690771103,34.67324491231788,45.27163513320812,148.06275229856297,275.5999213137897,38.32948670780563,44.73064511422254,146.99705578732753,275.06250762939453,30.311717987060547,44.88749694824219,145.5890655517578,0.15583133697509766
MOT17-04-FRCNN,405,162,2,3.0720683397896895,0.07657246333427259,3.1205289207790967,0.467038434523273,0.14966643360147688,0.013252647739900699,101.7755405390187,2,1563.8564978185277,-42.036906438608554,48.90880061829145,140.64648029786173,1563.8069106000166,-38.31017680598646,49.70393968865983,140.10683863004132,1564.6500244140625,-41.54414367675781,48.60009765625,142.5304718017578,0.20089209079742432
MOT17-04-FRCNN,408,150,1,0.25638144732180007,0.01584962125817846,0.37999555544548574,0.7414733578387334,1.951268500941994,0.0004780993714013998,108.85027160630969,1,1250.7985608027082,80.76348793327782,64.16548350860388,98.10826445144333,1251.501428972352,80.96235302976021,63.14744100438975,98.9002816273283,1251.4500122070312,80.40937805175781,63.4500732421875,98.38125610351562,0.5153274536132812
MOT17-04-FRCNN,432,161,8,2.9331153417641014,0.1499480359379718,1.663926051007978,0.6723498619134691,0.40407436466672964,0.7117077682697566,8.717377078450847,1,251.85301420206056,190.20507851398824,55.73737859122339,179.62330327035212,243.11281097439542,191.9552400185063,49.1912363704223,178.60671138687746,246.54375457763672,191.06719207763672,55.34999084472656,184.1906280517578,0.17116719484329224
MOT17-04-FRCNN,432,151,2,1.1127576248159061,0.09230455635008095,1.2218526225220052,0.8893854110810044,0.7278990892086799,0.08130650683005623,67.99677089118997,1,269.6343800826446,44.908885965401375,45.60959187024073,136.56293345902054,269.7589004588979,44.34307699214999,45.29641539724739,137.815810904374,268.14376068115234,43.93827819824219,47.92500305175781,133.86093139648438,0.3942495584487915
MOT17-04-FRCNN,434,95,3,1.3009374140480705,0.09772765867964917,1.5243475876619514,1.6674213740551647,1.093859030283677,0.5707090796729719,15.249539061265784,2,367.09361101837027,254.08204016667634,51.88441996903261,170.66136504543707,367.5563829141959,253.8797231371484,52.519066190872195,173.45233352811852,368.8874969482422,249.4124984741211,52.649993896484375,165.03749084472656,0.20635712146759033
MOT17-04-FRCNN,444,150,2,0.3539942293167048,0.04260454159754146,0.1888688952703131,0.3225653383437163,1.7078796266693577,0.0,121.3848995453655,1,1251.4966764002831,81.44135019773888,62.26294946280819,99.57483881838849,1251.4478983737242,81.1868731542821,62.703594867095035,99.95871243987233,1252.1250610351562,81.29531478881836,62.0999755859375,97.7906265258789,0.10729324817657471
MOT17-04-FRCNN,450,150,5,0.3733035244200945,0.041822800348418565,0.2108807023097335,0.02612929425906916,0.1239055730224734,0.007688317082931341,119.22873877673945,1,1252.082305775771,81.04529839051665,62.994148687292835,99.05803328498128,1251.458496309725,81.03389115362285,62.4666050728938,98.9621769529215,1252.1250610351562,81.16875076293945,62.0999755859375,96.86250305175781,0.10320737957954407
MOT17-04-FRCNN,452,150,2,0.36333326918074726,0.047694116599292014,0.17525494704101668,0.4876510362294681,2.782523657465362,0.015396478804939091,119.82646438130858,1,1252.1618254687694,81.16048495804394,62.22298828737269,97.13225078162662,1251.4608387576238,81.08982914701156,62.453284681082096,98.14798094066754,1251.4500122070312,80.49374961853027,64.7999267578125,98.3812484741211,0.1500324010848999
MOT17-04-FRCNN,455,150,2,0.358720296502461,0.03887407900255324,0.2324155377032464,0.38008831781977653,1.635382563385595,0.015375742170578618,124.0987977242966,1,1251.501295573723,80.81854629188442,64.61806691419362,99.38176729766643,1251.4598097884016,80.94026129025775,63.678486497025006,98.19453676812765,1252.125,81.25312805175781,63.449951171875,100.06875610351562,0.22183537483215332
MOT17-04-FRCNN,455,172,1,0.47568540813811866,0.017455742018340215,0.6203649235185009,0.10819290265949989,0.17440203105918076,0.0,226.20990088486954,1,1188.7187432926055,-29.48500711518922,61.60189012612782,127.16927375065947,1189.1170693629433,-29.564245965273777,61.037540723114034,126.56885180804859,1188.675048828125,-29.583984375,60.75,126.96328735351562,0.5057823657989502
MOT17-04-FRCNN,462,129,2,2.988655671263809,0.06209596547556495,0.42638953266122837,0.34215118003622924,0.8024380380558556,0.6649072424611128,24.78696789943796,1,231.59957681107036,168.2580705510678,41.25419985072936,174.40762399657842,231.8405341470776,172.41858385744024,40.93145741460228,173.87401472346323,231.35625457763672,168.89765167236328,41.51249694824219,171.82968139648438,0.26657867431640625
MOT17-04-FRCNN,466,172,1,0.4583803617533713,0.030081217204985466,0.3550979518949813,0.7244071078083131,2.040020518120458,0.0,219.4182872928564,1,1187.3337492578905,-28.975642530995017,62.9215349074626,129.70417112202662,1187.4736081283147,-28.987957721959543,62.22180095137719,128.76752971443702,1187.3250122070312,-29.699996948242188,63.4500732421875,129.26251220703125,0.3487553596496582
MOT17-04-FRCNN,467,172,1,0.4571410673771167,0.03343370537011159,0.32841629924575044,0.8228089572821801,2.505384048148234,0.0,219.36705847601866,1,1187.310358135552,-29.442062857243187,63.28801097108295,129.46053533096506,1187.4363315879116,-29.370633259758677,62.731345224190136,129.07405722337947,1186.6500244140625,-28.951171875,63.449951171875,130.25390625,0.4350900650024414
MOT17-04-FRCNN,468,150,4,0.3889884790479891,0.016271768894504657,0.17201951186680167,0.006365984717687121,0.03700734090337634,0.003885048753878683,127.76617355191267,1,1251.4338861700714,80.15764215994798,63.49200248419876,98.56914911696452,1251.4899307695305,80.85132165476864,63.614757208899846,98.4818839303095,1251.4500122070312,80.17734909057617,63.4500732421875,97.15782165527344,0.10293817520141602
MOT17-04-FRCNN,477,150,1,0.33364358536388977,0.051391546353734774,0.45955873109709916,0.7613986852900924,1.6568038724286975,0.0,135.99242164562799,1,1251.5030285584953,81.12674433784163,63.3177855661268,98.49504815064496,1251.5367627810042,81.25038808904728,62.935423751755025,97.86665108491957,1251.4500732421875,80.36718940734863,60.75,99.30937957763672,0.3876078128814697
MOT17-04-FRCNN,492,150,2,0.3186807573190909,0.02304122688651722,0.36448874605690357,0.29104626868379596,0.7985055007387201,0.0,135.9997447990214,1,1251.8629441594503,81.09598539430891,63.268841538187004,97.78754135690609,1251.7514172142137,81.14723607012425,62.78521423265602,97.4967854442499,1251.4500122070312,81.50625228881836,62.0999755859375,98.71875,0.17821240425109863
MOT17-04-FRCNN,513,150,1,0.2910724272258985,0.008330249610314033,0.3553780373226936,0.11149353415324689,0.31373220189183365,0.0,138.50453028884766,1,1251.468266012672,81.83923344370065,63.53766506460487,98.8637131462361,1251.5460031627276,82.14345423868843,63.731104054606476,98.66883356884317,1251.4500122070312,81.94922256469727,63.4500732421875,98.33906555175781,0.5716757774353027
MOT17-04-FRCNN,515,150,1,0.2932192359434765,0.03134611801448761,0.29672276020027094,0.7739843056238804,2.6084426590716707,0.0,140.10486837737017,1,1251.487156468395,82.44224731229947,64.31845559477124,99.14425310779731,1251.5554876628328,82.09161559051674,63.78068636792659,98.85046357371527,1250.7750244140625,82.13906478881836,63.449951171875,98.12812805175781,0.5442314147949219
MOT17-04-FRCNN,516,150,1,0.2892430401809948,0.04726750754701892,0.2928959677486861,0.9932800834546499,3.391238503859894,0.0,142.0436798666978,1,1251.0347992052148,82.25613504446454,63.78587819015149,98.52074507889643,1251.53802921999,82.20151369952904,63.86342407644224,98.7361408846021,1250.7750244140625,83.21484375,62.10009765625,98.5078125,0.25973188877105713
MOT17-04-FRCNN,517,150,1,0.29463125676234914,0.03420291413563059,0.42886947961589234,0.10945545650613106,0.25521857280252835,0.0,142.3448361230079,1,1250.8762692091022,82.8568481850203,62.720877206871556,98.5226749765345,1251.5166032823286,82.33178124620551,63.60840366393131,98.72922438774276,1250.7750244140625,82.89844131469727,63.449951171875,98.12812805175781,0.3486853837966919
MOT17-04-FRCNN,518,150,1,0.3033447290391435,0.0450928801514584,0.43161039029089376,0.6210072882952038,1.4388145009128757,0.0,143.2546005034298,1,1250.8238505661964,82.91216895865283,63.17694325073869,98.28015812794239,1251.5033286022024,82.46143625345665,63.227899549253834,98.4411927277911,1250.7750244140625,83.53125381469727,64.800048828125,96.86250305175781,0.3911252021789551
MOT17-04-FRCNN,519,150,1,0.3178152305540397,0.03465439939865256,0.3978737753422213,0.08238262140564082,0.2070571787114681,0.0,144.58377050213238,1,1250.794567232779,83.31596629605671,64.2064897484639,97.38600848057786,1251.49154979652,82.67590511257066,63.368103402024644,98.06294719501824,1250.7750244140625,83.23593521118164,62.10009765625,99.30937194824219,0.3624991178512573
MOT17-05-FRCNN,36,191,1,1.8870966179665736,0.128248927642865,7.300106686052581,8.341664999406786,1.142677135848464,0.016538254587588223,30.777872444479105,1,240.82253247602551,220.2468364687109,22.333891665528455,63.971898736443606,247.96412034373395,219.3724419248595,22.62253357944357,63.6474751649767,248.25001525878906,216.45001220703125,21.600006103515625,64.5,0.4854702949523926
MOT17-05-FRCNN,174,207,2,10.243700154810053,0.10297950586575721,10.643042953871637,14.103183944262517,1.3251082425756986,0.0411830964359069,155.81012951607534,2,-48.6113587398967,259.96847538915165,322.93508518838377,785.7294317278086,-33.61464521978178,249.24706582049947,302.8637213277125,785.3231105469343,-29.51251220703125,280.7249984741211,309.375,754.9500122070312,0.30358171463012695
MOT17-05-FRCNN,238,212,1,3.7868211972650707,0.0928979551670398,4.0580437260399815,5.649816529574854,1.3922512695761893,0.435060852666479,20.604225481757535,1,249.46084117881932,228.34863748623602,53.48016650458495,155.45367213076145,249.24901024017007,224.3836528650127,53.72551108401325,157.3145034775343,246.9000015258789,223.31251525878906,58.19999694824219,158.17501831054688,0.3644510507583618
MOT17-05-FRCNN,239,212,1,4.934933617182284,0.1471787392929388,3.800610268654286,5.0547853186673315,1.329993069891147,0.41194044635915583,21.205908894751328,1,248.90699325341586,222.8323246353076,56.60857297895186,157.10619012542546,250.01520729301453,224.01733199074022,54.81477231592356,156.86194266021198,253.95000457763672,222.48751831054688,57.59999084472656,156.82501220703125,0.4818742275238037
MOT17-05-FRCNN,240,212,1,4.901599503106804,0.10827809375082853,3.09117774905992,3.436354921578339,1.111665261767426,0.4300409545029268,19.743616615108298,1,253.36570466539322,222.00593912021873,57.431126478425384,156.2317419613815,254.3116843227619,223.97055541235602,55.83995532065407,156.26386807252277,256.8000183105469,221.88751220703125,56.70001220703125,152.625,0.22353744506835938
MOT17-05-FRCNN,321,213,4,6.5849034510178495,0.13574713956793294,2.710214729068528,0.8090596497905482,0.2985223425704772,0.19244707536808994,28.90135701517075,1,338.23401546797623,238.26299010816683,50.614126702258645,157.30033968897257,334.4210066772887,230.02540208806914,50.613038743295874,155.33004475172015,335.70001220703125,236.25001525878906,47.4000244140625,153.30001831054688,0.4202878475189209
MOT17-05-FRCNN,322,213,1,3.155113755581987,0.13832371708558167,2.521481939434871,6.420410976036619,2.546284736616277,0.18207943980368332,29.887044178128075,1,336.0141269151822,236.9627407473388,47.576151247581386,154.86968124917792,333.5694443830315,235.24733453895206,49.65064959524966,155.7002144944458,335.70001220703125,230.55001831054688,47.4000244140625,149.70001220703125,0.31226563453674316
MOT17-05-FRCNN,331,230,2,3.9863478853454577,0.08233365382454749,3.7956678469236507,2.227728749774454,0.5869135128828528,0.041501026909347316,40.32363057397441,1,102.9141532030437,220.45303308173604,23.564286619886047,62.934874544443836,105.73357169681191,221.8124168108306,23.411881895559162,57.41812947577915,105.67500305175781,223.95000457763672,23.699996948242188,60.30000305175781,0.16609203815460205
MOT17-05-FRCNN,338,231,1,2.8038117974228585,0.10754039286689021,5.008058939678802,2.3752097102716148,0.47427750728987067,0.07392556916217122,54.389913089817696,1,60.086098068215136,213.16202520530274,48.14008752799564,94.27680298346006,64.04963969980847,215.85076921513902,47.54038891983697,94.94314983070393,62.34375190734863,213.90000915527344,45.11249923706055,95.39999389648438,0.4452667236328125
MOT17-05-FRCNN,349,230,1,3.566198153554325,0.12664433902997196,5.751253123789805,6.740424721901958,1.1719923600685367,0.2953710363151089,16.70720909730734,1,126.7215069479815,209.92987080886712,29.28361344551767,81.08155247894558,119.57948855991415,214.03613931848054,28.548629175467696,78.97425936688319,120.45000457763672,212.40000915527344,31.050003051757812,83.10000610351562,0.5123205184936523
MOT17-05-FRCNN,355,234,1,2.9127708339980023,0.11347265226354919,4.926489826974834,2.41418702473958,0.49004201967915934,0.1987917928175853,34.78476241799194,1,298.8566312181755,213.32543527199385,48.671701345566746,133.49645861461534,294.82512356624727,214.43318697770147,47.855729635546254,133.64391752031332,297.45001220703125,215.28750610351562,49.5,132.82501220703125,0.29973316192626953
MOT17-05-FRCNN,359,234,3,5.630952122254557,0.101481706835713,2.9253888722485755,0.05476519918908613,0.018720656152284916,0.19554710243123047,38.591066707594585,1,298.36060641435927,215.4778268621314,50.20144023441291,132.57280304051628,297.73354111695227,219.0781933559956,49.39956631863413,132.97828760610037,298.20001220703125,215.51250457763672,46.79998779296875,132.97499084472656,0.32924413681030273
MOT17-05-FRCNN,362,234,1,2.9652392297613632,0.1279326861681478,4.104225181829846,2.2722453576912076,0.5536356454686874,0.18401520810663685,38.39716668510389,1,312.5745162678526,221.1791012886515,47.38706337692092,129.92768740536306,317.0567070493555,222.17038047491263,47.34938536952734,131.12647547985958,314.625,220.20001220703125,42.75,131.70001220703125,0.4483680725097656
MOT17-09-FRCNN,18,267,1,0.7261600553271036,0.1447037456409498,2.330365483800657,3.7398176287761222,1.604820211581898,0.0,160.54077522635185,1,1901.8383384269937,526.0560377771931,89.53039035882064,211.0878033046818,1902.6799623713462,526.3555026931917,89.72127172407454,209.27675916845095,1898.1000366210938,526.1625061035156,78.2999267578125,205.20001220703125,0.4585385322570801
MOT17-09-FRCNN,25,267,1,1.172209603874126,0.10891181263487038,2.399750399959537,2.107909628638251,0.8783870308652905,0.0,185.11344324486595,1,1910.0500105355818,522.3714868489618,78.57502531488991,203.5667185399825,1910.595505630505,523.2006915672116,83.41696885471174,207.32133889167176,1911.6000366210938,523.8000183105469,75.5999755859375,203.85003662109375,0.5171163082122803
MOT17-09-FRCNN,27,267,1,1.1725302094855214,0.11779961155331442,2.1925557701561575,2.3839486267660073,1.087292126939247,0.0,192.95012412226836,1,1911.9715671747244,519.8989095912109,74.04548206334151,192.9058575700518,1912.9638263458876,520.9923190124622,76.37204087493956,200.06255448268206,1912.9500122070312,517.7250061035156,72.9000244140625,184.95001220703125,0.526195764541626
MOT17-09-FRCNN,28,267,1,1.1416541027102747,0.06925110519590971,2.1827094414235413,1.3509692933727953,0.6189414256126122,0.0,195.01002453519163,1,1912.993633701793,518.4068363590785,73.15539978888182,187.49832985007853,1913.642226883784,518.3043426056295,74.56549903293671,194.70642491938065,1914.2999877929688,518.0625152587891,75.5999755859375,184.27499389648438,0.36850976943969727
MOT17-09-FRCNN,32,267,1,1.0820841202131055,0.09551051459720461,1.6737702654370836,0.2979659044853641,0.17802078973338323,0.0,202.8297643911956,1,1912.6739588781993,513.4496771664878,63.53746346570008,170.189926983074,1912.1022018613048,513.6152840063633,67.41386684854069,173.92100650991932,1912.9500122070312,513.3375244140625,62.0999755859375,170.7750244140625,0.18752074241638184
MOT17-09-FRCNN,33,267,1,1.075150174627804,0.04624555607947234,1.502181763701519,0.57020213919511,0.3795826530273391,0.0,202.656523371662,1,1913.1228587920634,513.13164501567,62.289973579794896,169.99829708064632,1911.6536086951637,513.1284243835948,64.28809390737297,171.5011414888097,1912.9500122070312,513.6750183105469,62.0999755859375,171.45001220703125,0.2326812744140625
MOT17-09-FRCNN,34,267,1,1.08558171998688,0.051594757448675255,1.0175763453123732,0.5320534701080553,0.5228634417054248,0.0,204.9500552392394,1,1913.2880117466145,513.264105003216,61.84969035561129,170.38918664382868,1911.7484592758422,513.536527610469,62.5590424670354,170.19247023584967,1912.9500122070312,513.6750030517578,64.7999267578125,172.80001831054688,0.27563202381134033
MOT17-09-FRCNN,35,267,1,1.0872547451416663,0.11322975872109087,0.7886135965498038,2.2854509997531,2.898061876883663,0.0,207.6345802401675,1,1913.304294107266,513.3053943939683,63.465425197968834,171.42667735585246,1912.0865770574267,513.9815984238464,62.535029711124935,170.60472036010918,1914.300048828125,515.3625183105469,67.5,178.20001220703125,0.2561459541320801
MOT17-09-FRCNN,38,267,3,2.1447008889163928,0.08524918967808082,0.5622050023014735,0.5131819003714478,0.9128020886876815,0.0,212.3606223548855,1,1914.2425364583028,514.4011825909928,65.80413908487735,175.30534688344915,1914.573919523234,517.7610923493379,63.706418212819244,172.37373696104345,1915.6500244140625,515.0250244140625,67.5,174.1500244140625,0.1261453628540039
MOT17-09-FRCNN,46,267,8,6.533277890707335,0.14259627421118348,0.5597538086378699,0.056204933882023515,0.10041009639361834,0.0,203.1740883361008,1,1915.848498423852,514.6215445082847,67.10196115310082,174.189227047492,1918.9072943106728,518.6135365422481,65.45717514531543,173.6404170955979,1915.6500244140625,515.0250091552734,59.39990234375,165.37503051757812,0.28152012825012207
MOT17-09-FRCNN,48,267,1,1.2816939216438303,0.053999755036246544,0.7419755085331566,0.11994011502991157,0.16164969550952749,0.0,205.1349350011421,1,1916.9540793122592,515.2517270960959,59.48816857567854,166.85952390899362,1915.6166006345527,515.9179027038423,62.18473390532699,169.01901888431877,1917.0000610351562,515.3625030517578,59.4000244140625,167.39999389648438,0.30625200271606445
MOT17-09-FRCNN,63,267,1,1.008433026582868,0.024401643401780304,0.4216255241982842,0.31926037605036883,0.7572131138346962,0.0,177.4104339884499,1,1917.0709915847287,526.4737734847388,65.63848658511608,182.23104491158205,1917.6020206365665,526.2436934576056,65.91157977252124,182.86980434468938,1917.0,526.1625061035156,67.5,182.92498779296875,0.3638259172439575
MOT17-09-FRCNN,70,267,1,0.986710549267382,0.05664859641104347,1.1510519847188805,1.557227839158716,1.3528735972242254,0.0,163.8131950972132,1,1920.9130960942741,527.0498926736594,60.48935470757263,180.19679808388605,1921.2916905848026,527.2949650502422,61.81359606198248,181.5180861721007,1922.4000244140625,527.5124969482422,59.39990234375,178.19998168945312,0.5761446952819824
MOT17-09-FRCNN,86,268,5,9.992181312827656,0.08119594697583621,1.134312101314163,0.7740896863870802,0.6824309513142411,0.692605814164608,15.9301259548398,1,1418.2428994387187,545.440896532807,100.77302830417865,321.6702475042809,1416.162625405691,545.5723265526734,102.24072125483144,324.76566458032016,1419.1875610351562,541.6875,96.5250244140625,321.9749755859375,0.575624942779541
MOT17-09-FRCNN,132,268,1,1.863208800252375,0.04620296808325175,5.621901200586638,5.728704341988933,1.0189976909219163,0.5693399836562972,27.690195460393866,1,1567.0914643411638,531.1063773539901,81.25268665981791,269.17292667254395,1571.6006391384803,531.045377487096,82.59303879186655,272.4966380781468,1572.75,530.2124938964844,81.0,267.29998779296875,0.25811004638671875
MOT17-09-FRCNN,192,268,1,2.007721178385532,0.10760373201581586,2.7566840802214183,4.804349321958158,1.7428001113469158,0.429900716261327,33.624110056890785,1,1775.7151697774927,530.3106863650493,93.31506865382073,234.68280650475955,1775.0551045321936,530.9323812174713,91.34214515503436,234.11216379570368,1772.5499877929688,533.9250183105469,89.0999755859375,220.72503662109375,0.14382719993591309
MOT17-09-FRCNN,204,262,1,1.3378192563911038,0.12649291760372994,2.3298872311656487,4.239723915478272,1.8197120696511682,0.07225897934709928,66.30156648470111,1,1926.877393113983,541.554184093081,63.943829740328376,210.36230357842746,1927.2430376256666,542.2993553274431,68.21429299750253,215.1910378582993,1929.1500244140625,537.9750213623047,64.800048828125,199.12503051757812,0.47885942459106445
MOT17-09-FRCNN,243,261,1,1.0259037474163506,0.057396662748126936,1.1825477956963963,2.3684568174833855,2.0028423596093328,0.18086473222879754,49.050888077333106,1,1913.3352254636923,531.5880975923418,70.08035769100906,194.3719316934266,1913.5263668012292,532.0157362653757,70.05688938146295,194.39017502783554,1912.9500122070312,533.9250183105469,72.9000244140625,193.72503662109375,0.5112032890319824
MOT17-10-FRCNN,48,299,1,2.0998235041611166,0.14463186186836874,5.6653114298674,1.3148223993244663,0.2320829870698283,0.0,33.734199182291206,1,704.1379374809651,362.24546266357953,27.356230565359187,78.06909002803845,703.7463500763985,363.159408397713,26.52890572741876,75.6498507742242,705.375,361.8000030517578,27.0,78.30001831054688,0.5530929565429688
MOT17-10-FRCNN,73,299,1,2.149867505562004,0.10482434026767573,2.41821154213745,2.118093894746209,0.8758927239566611,0.26741638564177156,14.960638843147969,1,712.0202953265843,350.29627134581756,25.356938998245433,73.5229329949719,712.9469717045642,350.8140146888729,25.635826150341927,72.50676432249031,712.8000183105469,352.265625,25.64996337890625,65.64373779296875,0.3091280460357666
MOT17-10-FRCNN,73,295,1,1.8602231900048671,0.11728425511279639,2.2297598182554763,1.7956991934376545,0.8053330133299187,0.0,53.64492104243702,1,752.1589676389019,350.37168331500243,26.331977096646284,75.61369877125952,753.9511599405391,349.6571795275987,27.11897444623355,75.39838595477681,752.625,348.63751220703125,27.0,73.57501220703125,0.5964510440826416
MOT17-10-FRCNN,90,299,1,2.0607255252125496,0.09201081231586039,1.9535673655616321,2.1117299789461184,1.0809609211193063,0.0,37.40796838697303,2,710.8393338315879,350.6932781658867,25.889553044365673,72.49194923602315,709.9264182890257,350.7203488026218,26.21970088055832,73.50374634630384,708.75,351.00001525878906,27.0,72.89999389648438,0.5595624446868896
MOT17-10-FRCNN,93,301,25,5.624932368565838,0.14369488467763603,2.3172151895519213,0.2712263351150297,0.11704840203791197,0.0,103.08312668243764,1,175.12138066886794,323.8971592265468,29.226365975370346,82.61311709443748,182.64416192829893,328.82148766085686,27.974778724380883,77.62210802732307,180.94219207763672,327.37501525878906,29.278121948242188,78.97500610351562,0.47534704208374023
MOT17-10-FRCNN,94,293,2,3.519598669100904,0.05722062315257226,1.0572880465794345,1.6992116687618963,1.60714166234947,0.6754102307496967,11.608704545052866,1,1217.0223555275707,393.86094226980333,65.22863061281433,200.85700049906654,1214.5705249141918,391.5528990474438,63.69239542719788,200.66434997581086,1213.6500244140625,393.4406280517578,64.800048828125,194.56875610351562,0.1469435691833496
MOT17-10-FRCNN,100,305,1,1.3794223072772198,0.08573155401243815,1.9008998125915098,1.2445805855808985,0.6547323416714704,0.0,31.942257715238117,1,1046.0816582853088,359.5737719717057,18.717230941221484,50.611898528025776,1046.227306020099,359.2944740710937,17.999245904946747,46.19526199142001,1046.2500610351562,358.34063720703125,18.9000244140625,47.41876220703125,0.5915822982788086
MOT17-10-FRCNN,101,295,1,1.7075361845234793,0.11059505303320882,2.390723771042116,3.1292303122478975,1.308905006153792,0.09325002603584173,22.062910265971368,1,738.8759050118381,368.1619814742572,25.655922852772544,68.08166296568986,740.7005051909522,367.1360216787008,25.38056761521989,68.95458786362428,741.8250122070312,367.1156311035156,25.6500244140625,71.04376220703125,0.5825958251953125
MOT17-10-FRCNN,106,305,1,1.1673635101729558,0.12227192589144686,2.3735193349328894,2.352102076073033,0.9909765812544089,0.0,31.459805493107073,1,1049.9163069558822,350.14338403923824,18.950388339054143,47.74550511452266,1048.3120534273712,348.4019458546732,18.95295318689341,47.0982436377202,1047.6000366210938,349.73439025878906,18.9000244140625,47.756256103515625,0.5041887760162354
MOT17-10-FRCNN,107,305,1,1.1756611381244737,0.021414616455479152,2.35494234051382,2.271321160499927,0.9644911985421911,0.0,32.16327955269886,1,1047.6668424802986,349.8599614255388,18.94352457607817,47.85078372960306,1045.5979492409722,349.43171625093754,18.950077933217926,47.686597274999144,1045.5750122070312,348.9750061035156,18.9000244140625,48.5999755859375,0.12861591577529907
MOT17-10-FRCNN,112,305,1,1.216774921205065,0.10495125536750527,2.983163743314706,2.499665109219128,0.8379242054080664,0.0,33.51659719344305,1,1036.0767460739644,353.85753679955644,20.102919917909,50.62861580252871,1034.9184317956112,354.6435302971522,19.60305379576448,50.640929429521975,1034.1000061035156,355.38751220703125,20.24993896484375,50.625,0.5037393569946289
MOT17-10-FRCNN,143,295,1,1.7884089450810392,0.14026238197508856,2.0591494395366112,1.738173857853902,0.8441222499349338,0.10926532661525294,30.084666019279172,1,660.3971041067265,378.7984571201738,25.690352440892134,72.51593739249579,658.6502792615663,378.9954247097568,26.232975881776383,73.3655496755631,659.4750366210938,377.32501220703125,23.625,70.875,0.17823779582977295
MOT17-10-FRCNN,158,308,1,1.9383144795957692,0.06406391334486572,3.3902060467008734,2.9707541822091734,0.8762754066526773,0.0,316.3043768850834,1,79.00030811657655,373.8056925748613,46.089159282730826,114.24710627392362,81.78063259395833,371.81440752916257,44.0429068976573,111.94389033251696,80.51484298706055,371.25,45.857810974121094,111.375,0.47653770446777344
MOT17-10-FRCNN,160,308,1,1.8654147797609328,0.11914753590044636,2.4709350802534398,4.60747765528345,1.8646696516247074,0.0,316.1962602165183,1,79.30333921474922,370.10811034026636,45.873584556971366,114.47682749086633,80.7520591158571,367.74017457972394,45.97720177568249,113.7168723813079,81.06328201293945,365.8500061035156,43.748435974121094,105.29998779296875,0.5528690814971924
MOT17-10-FRCNN,170,295,1,2.0224335441881176,0.05812020674378904,2.040683982718288,2.908030859125309,1.4250275318237533,0.0,39.86951337882824,1,641.8529529641619,387.77718948297826,28.785110052198036,80.11354377698856,643.5473115482415,387.0102769190122,28.39710793005429,78.59554314463935,643.9500122070312,385.7624969482422,28.3499755859375,78.97500610351562,0.5711545944213867
MOT17-10-FRCNN,172,308,2,2.4266234965822124,0.041541361025002055,1.8299635987846607,1.7382850852415257,0.9499014550868543,0.0,280.80815502043185,1,87.55672138042318,367.1078070530885,39.223249441676735,102.43107585742861,86.23176546246802,364.6826884469032,39.33483833623933,102.86982558854822,85.8515625,364.078125,38.390625,104.79376220703125,0.5272951126098633
MOT17-10-FRCNN,172,305,1,1.5846086506899333,0.03517267838959537,2.6125453944765717,1.6900897973668865,0.6469130836693076,0.0,26.28156805191455,1,1070.0579134188688,376.9801656047155,20.59886723117434,53.95320702840897,1070.116832841091,375.58379147262355,20.61339332447278,52.67099797335163,1069.875,375.3000030517578,20.25,53.324981689453125,0.5356495380401611
MOT17-10-FRCNN,173,308,1,1.7524200723092598,0.13171857043297464,1.5611938482974719,5.596164040720037,3.5845414371974496,0.0,279.73706487648593,1,85.5824306643854,364.01908219817517,38.6034560108103,104.30953258060289,84.44468051499938,363.0301409428677,39.20738931052972,103.89789401994881,85.4296875,358.4250030517578,37.37812805175781,101.92501831054688,0.5870332717895508
MOT17-10-FRCNN,175,308,1,1.7281304857312438,0.1469352954755182,2.033078887484641,4.9396844524220604,2.4296570501174797,0.0,272.53136894503206,1,85.12566149464675,358.25919714828814,37.96315261447394,104.19423242812728,84.53192159534282,357.0524871211125,38.12319186885023,103.7964825842115,82.56093788146973,354.0375061035156,39.234371185302734,101.25,0.5938148498535156
MOT17-10-FRCNN,176,308,1,1.7165725170132953,0.12729482477163823,2.9921828493072944,3.4478976395491463,1.1523017854164066,0.005269595056203006,267.6599741236167,1,82.69625588620676,354.7097481951711,38.79011907849277,102.50800246833238,82.65397016970816,354.21699995008254,38.18541289141106,103.19597254678808,84.33281326293945,351.6750030517578,38.55937957763672,100.57498168945312,0.5736269950866699
MOT17-10-FRCNN,177,308,1,1.697189370341647,0.12594861628756415,3.272434293261771,2.6557006662822937,0.8115367424643527,0.010851016668649073,263.04697778352266,1,84.06871545109236,352.09404635547855,38.65006561466452,101.3373010986007,83.61751546678015,351.6704380835822,38.467779102543744,102.6798453316868,82.7085952758789,354.37501525878906,41.80781555175781,102.60000610351562,0.5818023681640625
MOT17-10-FRCNN,187,291,1,1.8510650744397152,0.1082515779294011,5.070338785790106,3.1054347909019886,0.6124708667604489,0.4307224709930226,22.373252685990874,3,1192.3299726668217,363.1927059204954,38.30819611803007,96.54966085468942,1194.2295157310875,361.2557021748867,38.45348709749578,99.39538840186253,1192.7250366210938,360.1125030517578,37.7999267578125,95.85000610351562,0.29692506790161133
MOT17-10-FRCNN,192,307,1,1.733143642451186,0.08469367993785937,1.8677485712493473,3.0024776560859388,1.607538456890675,0.10089296453496728,19.149955364574836,1,779.8914800297964,349.03795870298114,22.48693842860284,64.41338544954296,780.0694036750755,350.36207349857716,22.101000037409904,64.80352026152354,780.3000183105469,352.01251220703125,22.95001220703125,63.45001220703125,0.5928397178649902
MOT17-10-FRCNN,223,307,1,1.7898347315322283,0.1434317821331046,2.213674031820653,1.1460775313333889,0.5177264199060007,0.04277666267246345,34.29815613375547,1,741.3707125868265,334.92406278782835,24.604464775711723,69.03076034688985,741.0594782604946,337.0271322786844,24.523988524440938,68.3802554521377,741.8250122070312,333.8718719482422,24.300048828125,68.00625610351562,0.5099287033081055
MOT17-10-FRCNN,297,324,1,1.6391138707333515,0.14300952574237824,3.0867969939213866,0.625526955852421,0.20264596508426938,0.0,45.16498479378827,2,676.2338239979654,382.6350714782615,18.873714768048764,52.85113448240445,677.1116148831572,382.0525934797657,18.20840080330504,52.81300899895393,676.0125122070312,382.0500030517578,16.875,51.300018310546875,0.15088552236557007
MOT17-10-FRCNN,298,323,1,1.8239952851772643,0.11441231116017914,2.7354432694221744,2.235866665271527,0.8173690495668088,0.0,26.354542792219636,1,721.0399071659613,378.52728327356806,15.20843461469066,45.69835241917531,723.5977653225366,377.5082871555202,15.339200277613145,46.04265434495289,722.9250183105469,377.32501220703125,14.85003662109375,44.54998779296875,0.5139999389648438
MOT17-10-FRCNN,300,323,1,1.7858442124900291,0.13781021929057902,2.7992667618556704,1.6429767283457997,0.5869311030780964,0.0,25.881749915201784,1,724.867632367545,378.22951429884586,14.873454487457376,46.01488805081887,726.230704794993,378.13687290802244,15.017534856544671,45.56868497063408,725.625,379.68751525878906,14.8499755859375,45.225006103515625,0.5839419364929199
MOT17-10-FRCNN,306,316,2,2.7614186153712352,0.1286346113581296,2.543607025187905,2.35843500351134,0.9272010102807113,0.0,85.75925714648898,1,1064.261133767612,445.18582325060106,77.44339776589115,119.83105201525785,1064.960899670496,445.9196451066444,77.78725724380274,118.41969017655288,1067.8500366210938,442.125,76.9500732421875,118.79998779296875,0.4145808219909668
MOT17-10-FRCNN,314,323,1,1.833699824679911,0.10454201996003953,3.365050053629954,1.097965831892659,0.3262851411996856,0.034448425298582726,20.18215004988038,1,719.9161944895858,366.1764312566669,16.54755842734642,48.951533737031,718.770275833447,365.1639530770524,16.610995315308855,48.44038444095759,718.8750305175781,366.52500915527344,17.54998779296875,49.949981689453125,0.4702460765838623
MOT17-10-FRCNN,324,316,2,2.8098450507211368,0.13488919139733624,4.440294874455412,4.368492556632125,0.9838293807385724,0.0,84.68814677378258,5,1092.9720124150965,431.6464803624802,82.96219762997868,132.6577738652412,1102.9920177687782,428.94097421637537,82.51231696270497,131.7050067279439,1099.5750122070312,425.9250030517578,85.0499267578125,140.39999389648438,0.13569027185440063
MOT17-11-FRCNN,50,334,1,1.334543845272229,0.08591543141701963,1.6893706195748068,4.580050928674144,2.7110989593431456,0.17701169825831325,60.33001328819751,1,648.3591097368078,427.68717485186994,77.06678885699512,221.6669401148438,646.1971120378307,427.4968349174518,76.37850131318282,223.0777797532155,648.0000305175781,432.2531280517578,76.95001220703125,215.49374389648438,0.23011493682861328
MOT17-11-FRCNN,51,334,1,1.3688142352406563,0.10668412389400683,2.0912090584202265,3.20734145025934,1.5337258785031658,0.1935439061379088,54.45866841811629,2,647.1938537170222,430.8521071256376,77.08171007144975,217.75591240676303,645.0615119401928,432.2918806213146,77.44235212519834,221.22995400485758,647.6625061035156,434.0250244140625,83.02496337890625,211.2750244140625,0.2718009948730469
MOT17-11-FRCNN,52,334,1,1.360870748740158,0.14291077349446302,2.528699611535912,3.485992465924184,1.378571203167473,0.2000363187222733,49.10478744711404,3,646.3738703539443,433.0344440724681,80.96571102717516,213.58599821517785,645.4962760185524,435.46311047721576,78.37140331853993,217.66961691226152,644.625,436.0500030517578,86.4000244140625,204.52499389648438,0.4807887077331543
MOT17-11-FRCNN,53,334,1,1.3803414969397558,0.10689242750514893,3.0817886496361115,4.956169549388776,1.6082120199819627,0.19239796145059077,47.14943290015983,4,643.6203249377992,434.29015042023025,84.46307602747568,207.68774537029338,642.1357576697264,435.8576731080417,80.83683237536684,213.0098853307448,639.2250061035156,432.0,83.70001220703125,203.8499755859375,0.3546309471130371
MOT17-11-FRCNN,94,341,1,1.5667677537770341,0.12318023833635161,3.4070788814072044,5.548153244430071,1.6284193696562002,0.39259608413831376,31.48062380190148,2,1151.9213776324639,412.70134735279737,78.79220995689609,234.86513627062385,1150.2501725644918,410.66553455726205,80.77436394850929,236.72563795150586,1152.9000244140625,418.1625061035156,75.60009765625,232.20001220703125,0.3432655334472656
MOT17-11-FRCNN,95,341,1,1.6831492318859829,0.09055641766930767,3.8930022310503736,4.322941984506926,1.110439123313975,0.42568464151522795,28.85907078262605,1,1151.6710386185844,416.6890989582402,76.64640566926032,233.53700544167614,1150.62820538816,416.08000422426807,79.15666262276955,235.87422949927748,1147.5,417.8249969482422,78.300048828125,232.19998168945312,0.2638263702392578
MOT17-11-FRCNN,182,344,1,2.7034113029989064,0.13081880253132538,6.051740908812411,1.8067572705561286,0.2985516560904266,0.24443616492153147,69.35028821494461,1,1179.6803645208747,482.40529996784494,73.55179984462947,199.58817890293,1179.1628898833123,475.9836061756353,72.33101262153832,202.0824118142615,1180.5750122070312,483.9750061035156,76.9500732421875,203.17498779296875,0.2989072799682617
MOT17-11-FRCNN,201,346,1,3.072597564306839,0.11711526070254741,3.1092937090874337,2.608132776147481,0.8388184006305915,0.15816861101399385,65.10347541173309,1,1011.2850353492199,521.3026632669511,62.310696171388486,185.39172264570263,1011.4765759221488,519.4783225505254,63.14888275925546,178.3371751134228,1013.8500366210938,521.7750244140625,63.4500732421875,187.6500244140625,0.5209591388702393
MOT17-11-FRCNN,221,350,2,3.648831058461428,0.0645706783123634,6.4343736396193245,4.255738232648394,0.6614067617155313,0.005534943474313318,189.28052827403806,1,1731.8745236562413,545.7659775460337,112.3927733993113,279.8120713858429,1730.9900655986366,537.0984110667877,113.89830168382377,278.21970123241704,1729.3500366210938,537.6374969482422,110.7000732421875,267.9750061035156,0.4720478057861328
MOT17-11-FRCNN,280,354,1,1.0430431684252575,0.0864880072495503,4.190675579282019,6.382999497769996,1.5231433159193828,0.05218796846148385,88.86347451761034,1,1229.2605921317856,380.75273001093336,67.35300248504291,199.66298871105016,1226.910654712639,379.5875595611029,66.2271157926557,199.2346479159977,1225.1250610351562,375.890625,66.1500244140625,199.96875,0.10532140731811523
MOT17-11-FRCNN,299,331,1,3.9935393792192735,0.1278262530529667,13.551803653946667,10.029736963631324,0.7401034740280038,0.2875314785187974,45.28000471622295,1,792.512700408261,410.22379498093903,177.9236719931979,463.47459503466627,795.2215546504368,412.6988826386663,171.99837397280317,447.1036804023174,785.0249938964844,416.89686584472656,184.95001220703125,436.55621337890625,0.34331417083740234
MOT17-11-FRCNN,302,364,2,1.9108706710331578,0.13742530753762383,9.31498769429173,4.384460237460419,0.4706887847148996,0.0,209.06069941839883,1,1474.319808598604,369.88312253138406,35.13053817023064,92.41466772688892,1466.424780837589,367.23507833094857,35.100855385157956,87.6517804363516,1466.1000366210938,372.93751525878906,35.0999755859375,92.47500610351562,0.5095396041870117
MOT17-11-FRCNN,306,364,1,0.942741950100672,0.09497754716223261,3.071126785351386,1.5161613628324233,0.49368243931321454,0.0,206.2836261902381,1,1459.9193526639706,368.8322897151185,34.336759505163855,89.7009129484057,1458.836890632946,367.7844758329383,33.51095882664549,90.99097056323671,1459.3500366210938,370.2375030517578,35.0999755859375,90.44998168945312,0.5885488986968994
MOT17-11-FRCNN,325,367,1,1.4494946281366874,0.13396481963820983,3.5095254748761286,3.8449185055172266,1.095566489840891,0.0,355.1060380153826,1,1753.4222408065418,385.3451952066442,29.986225608253346,96.00966429582161,1751.3518697101383,387.42830230855174,30.950583593390547,97.42654602278299,1749.6000366210938,385.76251220703125,32.4000244140625,98.54998779296875,0.5940585136413574
MOT17-11-FRCNN,326,365,1,1.636095420487326,0.08587144533415536,4.931850494699614,5.4688949892349195,1.1088931011011955,0.0,59.4511241381153,1,1394.6040572734248,376.9221003403967,31.31623622463947,88.54541874454816,1390.3469966119226,377.6808611603927,31.453878196438836,87.36675702531818,1389.1500244140625,377.32501220703125,29.699951171875,88.42498779296875,0.23435437679290771
MOT17-11-FRCNN,330,362,1,1.6870810696999576,0.07175989185820619,7.612045102622789,5.374208369194639,0.706013731755598,0.02807483552475289,94.47488300139919,1,1223.0741406020736,380.81369680209104,37.94815420597204,107.07431509111134,1216.3548589269349,381.0514522124256,38.224982984394046,109.02650500883885,1217.7000122070312,380.7843780517578,39.1500244140625,109.18124389648438,0.5580530166625977
MOT17-11-FRCNN,331,362,1,1.678911417441881,0.08198059143489533,7.060927919397319,6.042390858691558,0.8557502537438879,0.03678091479200623,91.63290873981953,1,1217.4236314216494,380.45852180775614,38.77749425976221,108.34682794097422,1212.529975684377,380.87734444564325,38.286075739114494,108.5887209678699,1211.6250610351562,378.75938415527344,39.1500244140625,105.80624389648438,0.1493281126022339
MOT17-11-FRCNN,334,364,1,1.6064845701200476,0.09146343343367624,4.887175405519282,2.514710923941039,0.5145530322282019,0.0,275.07453164205583,1,1406.2984467756291,380.07589755689287,31.826198422406637,94.82851848541232,1406.1996301762258,379.8137627226197,31.680688751002435,95.65229035934385,1405.3500366210938,377.74688720703125,32.4000244140625,93.65625,0.4467742443084717
MOT17-11-FRCNN,334,365,1,1.5664171641496905,0.12692979968741125,2.977041928360851,1.8399895676477789,0.6180596753169918,0.0,233.05557872099934,1,1363.101340172118,380.409743842114,33.31938789875164,97.5904890512925,1364.656919029953,379.8345307226529,33.71369131193978,98.21842019580004,1362.8250122070312,378.5906219482422,32.4000244140625,97.36874389648438,0.36043405532836914
MOT17-11-FRCNN,347,365,2,2.8476885416267645,0.10153275926863048,9.709250059374158,9.690963005992696,0.9981165328661191,0.0,225.74694774080612,1,1443.1610473868225,385.1313916791991,34.62496240887527,100.89614037932677,1461.8282228012527,385.2356394804743,34.416652329141016,99.53780780139266,1462.0499877929688,389.4750061035156,35.0999755859375,95.8499755859375,0.43941259384155273
MOT17-11-FRCNN,353,371,1,2.1686422521150255,0.12150865585980486,9.515944680255343,10.279658890234534,1.080256268362281,0.0027725706088220356,31.440320828426508,1,1906.495673158042,409.7735562860398,29.910412080306795,95.55879960543116,1915.2068000629595,410.33986246528355,31.09188224264244,98.77242995947654,1915.6500244140625,414.45001220703125,29.699951171875,97.875,0.5809307098388672
MOT17-11-FRCNN,399,377,1,2.8202933161796473,0.11008771014126562,6.803995599971053,5.258101228614054,0.7727960947882483,0.14032550032516328,74.86245876261091,1,1006.5837129933926,385.0613369139378,83.70587448009039,238.91588917103837,1005.570731461378,390.8764540531054,82.74344552688115,246.93500525194747,1004.3999938964844,380.27813720703125,83.70001220703125,234.39373779296875,0.40830373764038086
MOT17-11-FRCNN,416,383,2,1.3130494572555484,0.1388503006169567,1.8006350731245626,0.46527379961903204,0.2583942779764158,0.06049245303799802,69.09725601741275,1,1161.1654961188513,335.87438766095096,43.82683529909428,133.80633278550647,1161.071728033665,336.7825134975314,43.13673417237669,129.68597655183544,1160.3250122070312,335.4750061035156,48.5999755859375,133.6500244140625,0.2112135887145996
MOT17-11-FRCNN,421,383,1,0.8954950919658462,0.08906083407423226,1.1188417984126182,1.6693841167545111,1.4920644894774107,0.08410945121683383,70.22812819697702,1,1163.234845927063,339.01451519676584,49.30770157183129,136.55845089118506,1163.0392515248511,338.8476956469374,48.34476690370866,136.95422030361317,1161.675048828125,339.60939025878906,51.300048828125,132.13125610351562,0.2481621503829956
MOT17-11-FRCNN,423,383,1,0.8784384757443593,0.14314919760197675,1.5211249616617346,2.620315650765152,1.722616955744793,0.08367306219049202,74.42738352195309,1,1160.4048476554876,340.64245419125234,53.921759751305835,129.78818180335514,1159.5231021636343,340.6073240031764,51.33681042808621,133.37286006642591,1161.0,338.0906219482422,54.0,120.31875610351562,0.4816884994506836
MOT17-11-FRCNN,428,377,1,3.263646595040438,0.08114970098456065,3.3655271967697975,5.242430231649,1.5576847029138963,0.14572388607189257,69.3952796132081,2,995.6339965992396,358.3678288725826,72.68007416042659,221.93409314376368,993.6970271731358,358.3002751718622,77.15494518412675,226.490947467772,991.5750427246094,355.0500030517578,74.25006103515625,224.10000610351562,0.4239499568939209
MOT17-11-FRCNN,429,377,1,3.234349523407141,0.0912980455160749,3.444100974591201,1.4530267848227523,0.4218885554002144,0.15647538137583192,66.17206467980694,2,992.3527593324836,356.0072562124175,73.5361543035499,223.28347709162463,987.7316914444692,354.98295253511054,75.23879716252509,225.10281524183426,990.9000244140625,355.97813415527344,74.25,227.64376831054688,0.4139237403869629
MOT17-13-FRCNN,15,406,1,0.9586535791797782,0.13475058723335642,4.031090087636835,2.181366140406265,0.5411355472050632,0.25245586482051247,14.219097685229658,1,1334.4603682221257,561.09087419351,24.226977058495926,68.46380499182425,1330.9802224380633,561.2886566045229,23.703921302258095,69.13961495888839,1332.4500122070312,561.9375305175781,22.9500732421875,68.17498779296875,0.219757080078125
MOT17-13-FRCNN,44,398,1,1.126134047683379,0.11916557367989433,14.218254345184487,14.459502295422858,1.0169674802814368,0.2867042394975571,25.36851379533687,1,1085.8821818459624,601.7903785536937,39.866382593642776,111.62915725769297,1073.3308779283846,602.4125468355485,39.12688428892034,111.7755540072219,1071.9000244140625,605.4750061035156,39.14990234375,112.04998779296875,0.470883846282959
MOT17-02-FRCNN,15,8,2,4.00059324502852,0.05357684235312943,4.959051229003505,3.3430244979721495,0.67412582439563,0.645907455389203,55.5965064875136,19,1123.0216938449146,665.1859224074766,182.10802316938378,486.73362154139056,1125.973672918764,664.2225965728273,171.88990418081175,484.6534605761867,1128.5999755859375,661.5,175.5,472.5,0.3359435796737671
MOT17-02-FRCNN,24,22,2,2.1889935017863933,0.13266609278756825,1.9216522430164782,1.234686872742589,0.6425131691905202,0.025869370995635004,78.14197378674136,5,1139.014347581583,492.22614919747014,35.774225917047374,90.70797205272873,1135.915260735945,493.1976134853271,36.962933439581775,93.79243566613485,1136.7000732421875,493.08750915527344,33.75,89.10000610351562,0.2119215726852417
MOT17-02-FRCNN,31,22,2,2.0058774660361762,0.11921322632231579,0.7758508552979231,0.8228465748291905,1.060573136203119,0.0356874121272916,78.95062073181793,6,1135.3133748281928,492.3702908374671,33.30574222688479,89.47227180399216,1134.4416349220573,493.90182585358804,34.26715040344288,91.8871643700644,1135.3500366210938,490.7250061035156,32.4000244140625,88.42498779296875,0.20676803588867188
MOT17-02-FRCNN,31,32,1,0.5327780524289945,0.12100222839444807,0.7930577372046234,0.18905626992603994,0.23838903658191027,0.27698199179213767,16.171618442158923,1,992.078686808004,486.25762693983626,24.74811581648245,65.69631896705111,991.7745903302848,486.5796218013117,25.59724739186595,67.79304222829012,992.2500305175781,486.3375244140625,24.29998779296875,62.7750244140625,0.5526509284973145
MOT17-02-FRCNN,61,24,2,1.4288580673518614,0.1463929410631699,1.5002169148351099,1.6652751117834115,1.1100228875678577,0.0,65.12482561341467,1,892.3945411075952,480.61911131428934,25.31427708803658,65.46975768167964,893.86660913351,481.0527360051727,25.16885755596809,68.61499896703629,895.7250366210938,480.6000213623047,27.0,67.50003051757812,0.1412036418914795
MOT17-02-FRCNN,69,28,1,1.3429001309001247,0.041391879744844484,1.7662360319714658,0.8309937018256175,0.470488477634592,0.0,300.4212842586091,1,1569.7519041166297,488.5993323756394,41.76002069450876,116.38276629331276,1569.4940872790662,488.74194342636395,42.02258557673895,114.41808487195794,1570.050048828125,489.375,43.199951171875,116.0999755859375,0.14179766178131104
MOT17-02-FRCNN,70,28,1,1.2925079922422555,0.08347136535580812,1.8695011233917598,1.7780567978595172,0.9510862419989677,0.0,301.55486070812,1,1570.7434048565044,489.002394423404,42.644913549429035,116.26031680292117,1570.1377503356748,488.7859468459645,42.75548310391923,116.08009441806223,1571.4000244140625,487.3500213623047,43.199951171875,119.47500610351562,0.3414602279663086
MOT17-02-FRCNN,73,28,1,1.2982703557907027,0.08950544778897918,2.392336432804849,2.9498584132776577,1.233044973452648,0.0,306.8083955397675,1,1576.8504050821932,492.4658582709645,40.77229602909841,108.84531475973071,1579.751822755821,493.28520683131967,41.70901644405194,113.31930081974707,1579.5,493.76251220703125,43.199951171875,106.6500244140625,0.4495229721069336
MOT17-02-FRCNN,85,4,2,3.972024308595474,0.1470452320686697,3.9976284869722205,3.0420875838846224,0.7609730603527596,0.44201177926470014,95.4717150131173,4,1060.9996826436366,571.4846159390444,117.53589810217416,264.80472888023945,1060.4200013770617,562.232052488573,116.40126868957634,264.72328122701583,1057.0500183105469,576.1125030517578,120.14996337890625,284.1750183105469,0.2031097412109375
MOT17-02-FRCNN,86,17,30,1.7815065582442537,0.1219109112705844,1.1846525848108815,0.2852616364024965,0.24079771576916437,0.08953776277190346,40.943990225518945,1,1006.6158190630789,489.25677816279887,38.40754912575894,103.41317782210706,1005.2111089425158,494.5252569289762,38.88448268397474,102.1598909096312,1006.4250183105469,497.8125,36.45001220703125,99.2249755859375,0.1559543013572693
MOT17-02-FRCNN,86,9,9,1.255882288981538,0.14152828433637,0.7180299589895298,0.3422071677960908,0.4765917682288251,0.1964863171468042,16.166373117615727,1,593.7864127428568,483.29573224338236,20.412160071015425,56.37184498499118,591.3719728292815,485.672766773863,20.457801394624084,57.62502320591341,592.3125,486.00001525878906,21.5999755859375,61.425018310546875,0.26321732997894287
MOT17-02-FRCNN,93,5,6,2.134105774542628,0.12031223404939984,1.7244087436880953,0.6031926336491038,0.34979678446713275,0.22592652989184114,28.224995131743313,2,434.56407448484026,517.9572007839354,42.6137977657516,109.48688409477717,434.23236318463694,518.6410292889358,42.73470529867643,111.46272859849682,433.01251220703125,514.6875,43.875,104.625,0.26082873344421387
MOT17-02-FRCNN,93,8,2,3.5530905981016585,0.05298953286274011,2.759634234707518,1.360455625360089,0.4929840368878733,0.6051395355789748,43.559669761106534,15,1204.8131263551174,665.9365614162521,167.3500825884525,497.9271263129185,1201.005230929772,664.6892226360773,166.34089173650227,496.62685548400555,1204.2000732421875,668.5875091552734,162.0,496.1250305175781,0.3914315700531006
MOT17-02-FRCNN,99,21,11,2.3049899137476877,0.09427387124117936,1.2199997203034871,0.3851038232009319,0.31565894384396537,0.4550357797263688,13.215627387154719,2,446.06237947496675,506.0878444560441,38.43281095564079,92.24892412864085,446.4261229425229,506.04359528107864,36.866743703796374,96.08949951563073,446.51251220703125,510.3000030517578,37.125,91.80001831054688,0.10703372955322266
MOT17-02-FRCNN,100,29,1,2.093892642394814,0.14081697826166895,2.295383590142478,6.453793655972181,2.811640583163524,0.0786877076495739,25.449726367306603,1,529.2020636609496,490.5352469670137,23.30803881163263,64.64388073714468,522.7910448443007,487.299956557266,24.16717793522497,66.10621988882389,523.125,488.3625183105469,27.0,68.85003662109375,0.40752315521240234
MOT17-02-FRCNN,103,8,3,4.101277937962338,0.0840355715900053,3.437667785073269,0.05870757751968742,0.017077734438040282,0.6990706342700942,48.76936170592086,15,1185.8255264446896,665.643093996944,168.44894135404004,506.14229938057787,1189.5244021650458,665.3858468023845,166.34864944651508,506.18534614118084,1185.9750366210938,665.5500030517578,167.4000244140625,483.3000183105469,0.3278195858001709
MOT17-02-FRCNN,115,13,1,0.5227630294136169,0.08089454884446468,0.7073445487525576,1.2720507869089481,1.7983467733684837,0.06596826441864836,82.15061254623735,1,632.941482204544,495.4691735476159,25.902000828986104,78.84043577233831,633.1993727121587,495.4029114135468,25.717638043027137,77.37269117632013,634.1625061035156,495.1125030517578,24.29998779296875,77.62496948242188,0.17666500806808472
MOT17-02-FRCNN,130,11,9,2.49878597973937,0.09914146882672414,0.4849291099499914,0.43667572091189855,0.9004939319005432,0.1725169184059113,18.424670192376496,5,579.7038493949503,485.56314946738615,21.00772587851798,56.58163912648111,576.4368938868593,485.3843881570191,20.820474540919122,56.607010096312194,575.7750244140625,485.6625213623047,22.2750244140625,58.725006103515625,0.36160945892333984
MOT17-02-FRCNN,158,13,13,4.177424214950398,0.09632504399107589,0.7097194965916931,0.3997749583853801,0.5632858619570565,0.004996963766923414,132.29082815374835,1,633.819459593973,499.37494999154995,26.93703399269456,86.00263933184371,637.3410424868042,494.0080089531166,26.265018115240764,79.8535146039294,637.875,496.125,24.9749755859375,82.3499755859375,0.4417855739593506
MOT17-02-FRCNN,162,36,10,3.764680970541936,0.14129440535426563,2.3421366123113603,0.36255426166435556,0.15479637684608216,0.05777610793302331,33.154915920186,8,568.8810924341997,489.10906724860547,27.742966930487523,76.23405768643795,572.0715999232165,491.97230714295,27.078930245678748,75.49143848696815,570.3750305175781,492.4125061035156,26.32501220703125,73.57501220703125,0.17576217651367188
MOT17-02-FRCNN,165,47,1,0.8395393803757771,0.09621724846967239,0.6432539422872456,1.0163771859823552,1.5800558988700157,0.3085593969748,15.502237719314838,1,996.073319320565,493.2934729300538,28.33720957570434,72.50843258203778,995.8531706607024,492.8554214873213,28.524528577618867,73.69710533287741,996.9750061035156,493.7624969482422,29.70001220703125,73.57498168945312,0.40587425231933594
MOT17-02-FRCNN,166,57,10,6.828322971210059,0.1327594124103555,1.3876951528091896,0.8081090229566021,0.5823390110722095,0.11858577652683602,28.439371738461997,1,507.99827522793225,512.633770098499,35.646558611624826,92.81688522069497,509.5090740748069,502.97804391765476,35.93376174680367,93.3267039667266,507.6000061035156,504.5625,34.42498779296875,91.125,0.17128735780715942
MOT17-02-FRCNN,169,47,1,0.8281155175950846,0.016020545097860994,0.6544189349286891,1.088147574694989,1.6627690866150786,0.3169687994424067,14.560926495103201,1,997.3819948735046,491.8532415213768,28.322752499329603,72.11155093400421,996.134111540095,491.575688187231,28.443066595758864,72.12937376612848,996.3000183105469,491.7375183105469,28.35003662109375,72.22503662109375,0.2009725570678711
MOT17-02-FRCNN,171,47,1,0.7974041014465293,0.06561612114786453,0.5813361258922853,0.753857635033396,1.2967672254606741,0.32559371739727816,14.275536747233922,2,997.0213692294279,491.9565027522947,29.147229215046757,72.85919569204297,996.8456154259285,491.9345793359479,28.588545477858133,72.33127852792705,996.3000183105469,491.7375183105469,28.35003662109375,70.20001220703125,0.22744274139404297
MOT17-02-FRCNN,176,19,3,4.6223252627916755,0.11666105875749222,0.507943858987733,0.8530182445125963,1.6793553646116568,0.15455372359536848,44.280613289636975,1,476.26336372750615,501.00772495740415,30.146923052874325,77.41614705075472,478.08082407653797,502.88845145034554,30.64933105856062,78.31046059348779,477.5625,503.2124938964844,34.42498779296875,78.29998779296875,0.22120893001556396
MOT17-02-FRCNN,179,11,1,1.0463329747488928,0.07704584433318373,0.8918022162023469,1.0357025247418499,1.1613589940965705,0.46362407331516137,7.799970893860878,3,565.4930821407366,482.9512635369492,21.331748750056672,56.45875476537035,565.9685876817675,483.2123931139576,21.36003573892617,56.39441518813612,565.6500244140625,483.9750061035156,20.25,56.0250244140625,0.40097522735595703
MOT17-02-FRCNN,181,11,2,1.6733282776885605,0.09644171936424528,0.7085742361466775,0.3991200048339213,0.5632719685158042,0.4648179500077693,7.878620324807724,1,565.5906697045206,483.65512919376124,20.65195179822083,56.229815212469994,565.9754637262188,484.8574926312645,20.94703074042536,56.20741757304279,565.9874877929688,482.96250915527344,20.25,56.024993896484375,0.5050048828125
MOT17-02-FRCNN,186,17,1,0.8625897635190651,0.09799026444223524,0.8591310101283498,2.2430536199429985,2.6108400156664087,0.2252739658877912,20.874264859189385,1,1029.9486261882062,494.5809796561734,30.06927666578098,84.38219295730917,1030.0746980596448,494.8624170086018,30.452411714191385,85.90348835731442,1029.3750305175781,492.4125061035156,31.04998779296875,81.67498779296875,0.5659031867980957
MOT17-02-FRCNN,188,11,7,4.4272848251506325,0.12271914547394902,0.6392010486730154,0.2284259907228489,0.3573617271077111,0.6053779300368113,6.014420681374973,1,565.9289291930963,483.2182441164831,20.34660601439677,56.106490250418666,566.490121030887,483.86402366426944,20.776768854224656,56.26502007608633,567.3374938964844,483.9750061035156,22.95001220703125,58.04998779296875,0.18462038040161133
MOT17-02-FRCNN,201,2,1,1.3106821631316465,0.09997066617201333,1.797086976125161,1.7406489379982475,0.9685947097292953,0.5588705811438506,12.634232490191716,2,444.2958549881786,508.5832907584439,37.93317696840728,92.11135659614608,443.64073825343604,508.93663967270663,38.21681545020192,91.31422605779812,444.8249969482422,506.9250183105469,38.475006103515625,90.45001220703125,0.2829265594482422
MOT17-02-FRCNN,202,17,7,2.6485862478988764,0.1366387674205235,1.2653396736634726,0.1558332139368969,0.12315524216965476,0.48955158900515966,11.900530981193311,2,1032.3866187607894,491.1903523538882,31.138482914482626,83.32427209948743,1031.180407756501,492.97178707814277,31.423472137951194,82.04898978872973,1031.4000244140625,490.7250061035156,33.75,88.42498779296875,0.2717735767364502
MOT17-02-FRCNN,204,63,2,1.1020002267886697,0.14901317069718645,1.343962078188583,0.40514387655663,0.30145484246303317,0.36681841098261997,16.289345604328204,1,1043.1872975919318,492.3629403710074,35.60759146366276,90.24830913379765,1043.7247827955093,494.26199993414303,36.26274257635532,89.93530501445878,1043.5500183105469,493.08750915527344,39.14996337890625,97.87503051757812,0.5535674095153809
MOT17-02-FRCNN,223,2,2,1.752879612072883,0.09524778278457613,1.1952747916443862,0.6066558210843818,0.507545064386225,0.5692342923986082,15.33357106286533,1,442.5989132395406,504.6669324955502,36.73185070442427,88.65593612036417,442.5624092087788,506.3490070043196,36.45324949292842,87.22644229655191,442.125,503.5500030517578,37.79998779296875,88.42501831054688,0.10205894708633423
MOT17-02-FRCNN,243,73,5,1.5276331052231171,0.1285810220400464,0.9652235964440604,0.23496324692182316,0.24342882601237822,0.5796539680837576,6.67786339078117,1,564.8565793796695,486.9254100601066,23.241040747682018,62.95622432590325,563.18004111341,485.4625897093282,23.522155111905704,64.77042714477676,563.9624938964844,487.68751525878906,22.95001220703125,61.425018310546875,0.1287606954574585
MOT17-02-FRCNN,246,9,7,1.406235040379841,0.14175005720641676,0.7409806660727271,0.5504934474648151,0.7429255210969085,0.47624875363306984,14.874839715022722,3,600.4687412955544,481.14640172507967,20.58058198041038,48.929292836059425,597.7609724311628,481.3967405787066,21.007113388081052,50.49712616338297,596.7000122070312,481.95001220703125,21.5999755859375,53.32501220703125,0.13080406188964844
MOT17-02-FRCNN,246,73,2,0.8802586027866859,0.04691137458114558,1.6026310583255097,0.4433502186501922,0.2766389783518993,0.6403782119255855,7.156296904203277,2,562.9260582570132,489.89557516638513,22.964567391279527,62.83344425485136,562.2442890754811,490.2173842788592,23.068263565106008,62.470460672336515,562.6125183105469,490.72499084472656,22.95001220703125,62.774993896484375,0.14043134450912476
MOT17-02-FRCNN,248,86,2,0.49647805873019607,0.05475152171071995,0.6331840115398267,0.21517731577965613,0.3398337795301732,0.0,35.26904482536117,1,631.7544104222691,488.16646186098046,22.263720090662815,53.77787580952942,631.9994879725915,487.7315578861468,22.23117852467908,54.68258224318316,632.1375122070312,488.3625183105469,22.949951171875,53.32501220703125,0.13164103031158447
MOT17-02-FRCNN,251,9,4,1.342079932597806,0.13442549731284426,1.07420055650419,0.4233645037861721,0.3941205403616086,0.4309790739062005,19.242375710365852,3,596.6202202072702,479.07846628489267,22.02878988161644,49.73098469039634,596.5663534003704,479.3530327763838,21.374995965116796,50.53322687490993,597.375,477.56251525878906,22.2750244140625,49.274993896484375,0.13225525617599487
MOT17-02-FRCNN,253,86,1,0.47744934788183274,0.05122244995325953,0.6589612910487547,0.2821335690084501,0.42814892595500853,0.0,34.80978599040146,1,632.3124903384861,487.119417683297,22.965592677514532,55.55202470122541,632.2263697377356,486.6864699275328,22.95625264550199,55.178971060227866,632.4750366210938,487.3500213623047,23.625,55.350006103515625,0.19312065839767456
MOT17-02-FRCNN,256,51,17,8.54858972667391,0.14087863302831438,1.4540733389656202,1.2209709341413817,0.83969006337049,0.10233154874183814,35.60430177474914,4,1039.3087462650738,489.6726754886244,29.144697091850556,76.80895091747804,1017.8448512323662,492.5907159272926,28.61740453025095,74.43101679083554,1018.5750427246094,488.70001220703125,29.70001220703125,81.0,0.4206812381744385
MOT17-02-FRCNN,258,13,2,1.116627666514015,0.04635379996369804,1.1836197521149323,0.7140842187885953,0.6033054260142627,0.22795073642983352,21.531217759238235,2,683.3597901701386,499.445648534312,27.12165565166563,89.03521296871227,682.8177942527599,500.5013063545224,27.75514498020175,87.45066772524837,683.1000061035156,500.84999084472656,28.35003662109375,89.77499389648438,0.36867284774780273
MOT17-02-FRCNN,271,87,2,2.3728268973503712,0.08254490700356953,0.7858889291255418,0.3697759320101669,0.4705193295210513,0.6810349847491791,4.631020210105554,3,576.5931397915596,491.4505911067973,23.727410826411916,70.88709435241766,575.7562158133022,489.778787759657,22.910776955676283,70.02763721552714,576.4500122070312,490.7250213623047,23.625,68.85000610351562,0.5264139175415039
MOT17-02-FRCNN,280,51,16,8.326213084318725,0.14931262994546868,1.1385291020103525,0.3069426302129035,0.26959577025384857,0.24992645681695513,21.531111527501032,5,1018.5460625592897,493.27349962882585,33.10175049013329,86.42825841644776,1017.2464120223146,491.72027357205917,32.01122832117062,84.09619923024968,1018.5750427246094,488.3625030517578,33.75006103515625,91.12496948242188,0.22097241878509521
MOT17-02-FRCNN,284,11,4,3.5375684282825737,0.0908015361916068,1.307881320597585,0.5912388479002554,0.45205848465678217,0.6744123360863684,5.110229926656245,1,564.4353824836753,500.0087905900905,28.92105293957871,78.42443552696359,565.4457329590543,495.4522929534454,27.22174479155842,76.82483672871012,565.3125305175781,497.81251525878906,26.32501220703125,76.27499389648438,0.26424646377563477
MOT17-02-FRCNN,288,51,2,4.5374813286031745,0.09070364142493414,2.3228900732719406,0.5985265721706062,0.2576646131719625,0.6667130166981288,5.877255279881098,1,1007.5975214933326,493.18381325774783,28.804369590319727,83.36821102225309,1005.8171315251917,491.2429694564453,29.500616341667865,82.09403468964291,1006.4250183105469,493.4250030517578,28.35003662109375,81.67501831054688,0.3617058992385864
MOT17-02-FRCNN,291,77,1,2.1124101898891925,0.12171642548325834,3.4642583641917453,2.836150565368926,0.8186891008721386,0.14574647219502504,89.2577337832001,1,1277.677980761746,487.81927599165897,35.190590409797394,95.39410387252065,1279.1227211333955,490.16783426537614,36.21673574443912,97.9275560535101,1280.4750366210938,487.34999084472656,37.7999267578125,96.52499389648438,0.564572811126709
MOT17-02-FRCNN,298,77,1,1.960638243926446,0.085159455358778,3.0730821036679385,4.003492172129497,1.302761214010862,0.18261644796379092,82.48385376047099,1,1297.428984878578,493.2537936405128,44.27345940840808,114.6446621676473,1299.9636923602254,493.77467685050476,44.99534297973241,111.78574680579368,1301.4000244140625,493.76251220703125,45.89990234375,114.75,0.5970382690429688
MOT17-04-FRCNN,22,138,2,1.594382377798548,0.11421165367171404,2.310544933495361,1.6882308913193984,0.7306635187420768,0.6975425583095743,25.447066426526188,1,386.2179232784831,171.1328330267465,51.529053065208124,155.9513098939282,385.61875770009874,171.5553223297512,51.41127264368606,158.137350668818,383.0625,169.9312515258789,49.95001220703125,155.58749389648438,0.3004169464111328
MOT17-04-FRCNN,24,139,3,3.2846577187496355,0.13667227093843926,2.4048978466103166,0.5727355524994052,0.23815379655592075,0.4586873050550617,16.184507164617006,1,390.9934581491879,-11.030753038383693,38.4770917962868,131.92390424367693,393.4766232937105,-11.080189388699647,38.577009204450746,132.17008259057198,391.1625061035156,-12.740623474121094,39.1500244140625,136.01251220703125,0.40296435356140137
MOT17-04-FRCNN,29,140,1,2.2284917450536446,0.1432323655222134,3.365970054288292,3.4702636077092692,1.0309846943789966,0.2210381191985117,75.74333961770925,2,503.9823841565894,-15.945084115112252,51.15529281097388,150.03109505291042,504.80321191361026,-18.641859440250883,50.668645801431126,153.62739790498793,502.875,-12.65625,50.625,147.65625,0.4481935501098633
MOT17-04-FRCNN,48,141,1,0.35239720487553206,0.03479816341263342,0.3914553980049373,0.2395386879838675,0.6119182139387596,0.0,255.1983660923791,1,1251.3991508156807,83.51220246385375,64.5569620038822,89.89015177517639,1250.5926978698415,83.31902882579917,64.72523111209966,89.97480297225951,1251.4500122070312,83.27812576293945,64.7999267578125,90.7874984741211,0.5877571105957031
MOT17-04-FRCNN,54,141,1,0.314779778530119,0.017009394883347295,0.14974493573777936,0.6990683038743035,4.6683936283391425,0.0,258.6587587365201,1,1251.4730729128648,82.94506844063075,65.30259741441915,89.27382094470254,1251.254955641381,82.86633354259898,65.84085968294357,89.19281043751312,1250.7750244140625,82.98281478881836,66.14990234375,89.015625,0.48508214950561523
MOT17-04-FRCNN,55,125,2,1.1045507897629845,0.0860924386484595,1.1548198227575508,0.9356378596966674,0.8102024586506429,0.0,80.30055595182147,1,644.363485610362,140.74923647751834,52.518995192776494,144.15662508804482,643.7423744918308,141.18283566742463,52.08698138363684,147.0372799490748,642.9375,141.96094512939453,48.5999755859375,144.02813720703125,0.10941207408905029
MOT17-04-FRCNN,56,141,1,0.33894890677303874,0.020181794761897076,0.3416743270119429,0.19712531672790848,0.5769392112419911,0.0,259.0545005360223,1,1251.2913874064188,82.5935986312844,65.19133877936696,89.26250538435325,1251.0511728171045,82.84609552622265,65.44443163538199,89.21619857999957,1251.4500122070312,82.47656631469727,66.1500244140625,89.69062805175781,0.4748344421386719
MOT17-04-FRCNN,84,141,1,0.3538070942892223,0.043892642056420295,0.3753485383908727,0.8628130055453599,2.2986981892729834,0.0,259.9303378574989,1,1251.388215551837,82.71331751559482,62.83933471612571,91.61572104502225,1250.971861077696,82.69365518447248,64.10997799902361,90.70654205574823,1250.7750244140625,83.3203125,66.14990234375,89.859375,0.4506847858428955
MOT17-04-FRCNN,86,141,1,0.3720558694873409,0.0436849313387947,0.4706906108671816,0.5356005673630547,1.1379036568761922,0.0,260.60298397674865,1,1250.4379168670523,83.16635981209457,64.85029757207147,89.88263912319574,1250.9585675338358,82.84383988716824,64.20511824690766,90.67950881409908,1250.1000366210938,82.75078201293945,66.1500244140625,89.3109359741211,0.36100339889526367
MOT17-04-FRCNN,88,141,1,0.3761111508904007,0.014135326521306113,0.4830012840171368,0.2514919476246366,0.5206858779607586,0.0,259.9034995256898,1,1250.5251117850928,83.20780252072213,66.83755886932511,90.24402763496343,1250.9521106042935,82.84301484765845,65.78697518646459,89.88435255631981,1250.7750244140625,83.23594284057617,66.14990234375,89.85938262939453,0.2354130744934082
MOT17-04-FRCNN,89,141,1,0.37684520662017773,0.039255753886282774,0.37424802750609404,1.144499098119409,3.058129940580041,0.0,260.54474289826044,1,1250.6569793790825,83.2232847261127,66.43530344591092,90.01117120231908,1250.9524508127354,82.853329986399,66.31531047774433,89.92719658269425,1250.1000366210938,82.22343826293945,64.7999267578125,89.3531265258789,0.42216718196868896
MOT17-04-FRCNN,93,125,2,1.2094932119280286,0.08956525498869916,0.7119394634263836,1.1879515675382866,1.668613173683304,0.0,73.01398853711517,1,640.7399386148116,143.26162061956057,46.182344486884666,146.19262829211598,639.9029258856298,144.21026917834413,46.01776728524737,145.3195584159334,640.9125061035156,145.6312484741211,47.92498779296875,152.8874969482422,0.34812164306640625
MOT17-04-FRCNN,116,141,1,0.33861069860853354,0.07480328509623135,0.5520951639836118,1.8077806629967785,3.2744004673992038,0.0,261.27913468820157,1,1250.5932935660458,81.05478337465024,65.69349343536656,90.57447530247987,1250.7496205044708,81.47315402111141,65.24590573372689,91.6512762608524,1249.425048828125,82.43437576293945,67.5,95.17500305175781,0.4013538360595703
MOT17-04-FRCNN,118,141,1,0.3495509788383684,0.07303084819092609,0.9133672175025497,1.7313506048548777,1.8955690238028984,0.0,260.5906001766317,2,1250.4126381724382,82.93492150269856,65.58298147180815,94.79107225440815,1250.7679955525484,82.98221293966247,66.03913229119507,92.9587843913447,1250.0999755859375,81.23203659057617,67.5,98.08594512939453,0.49976110458374023
MOT17-04-FRCNN,126,115,2,2.130366920490039,0.0656965041315225,1.4321372799130465,1.823197605238285,1.2730606421676154,0.0,118.49373960238363,1,1530.2331656864471,269.61619481739564,50.41612027598007,167.354113315963,1528.9212351059848,269.47787974462625,49.526518339544964,167.23850013713934,1529.5499877929688,266.0343704223633,48.5999755859375,160.4812469482422,0.1543647050857544
MOT17-04-FRCNN,137,118,1,1.4017245131322944,0.08193117690884943,3.188844366699124,2.1096188534146036,0.6615621870559768,0.3436885695839748,73.50589545120363,1,495.6550084492731,-2.174878984209883,47.86928888333865,152.05005309019273,496.0166212098824,-3.8549778163210107,47.90884756818099,151.62572675056583,494.7749938964844,-4.092185974121094,47.92498779296875,156.9375,0.4414236545562744
MOT17-04-FRCNN,141,118,2,1.6273456295726394,0.05497578380989521,1.7518917151883628,1.0553325384133554,0.6023959867290578,0.3243297762932824,73.64496215147355,1,493.6700076422528,-3.9619286771635416,47.4340891086058,155.70694521504907,492.68784735597785,-3.5221080561786238,47.71999951112275,156.06558665442114,493.08750915527344,-5.990623474121094,46.574981689453125,151.875,0.37554359436035156
MOT17-04-FRCNN,146,115,2,2.1996515286492397,0.09507143690852549,1.3848728296575346,1.2958119998076214,0.9356902468279799,0.0,140.34587024459924,1,1521.2218221275227,247.3190865422395,51.33770577522925,169.1798702435729,1521.1028620124155,246.9837342278252,51.33518250341103,165.69345109881635,1520.1000366210938,244.98282623291016,51.2999267578125,176.25938415527344,0.29534435272216797
MOT17-04-FRCNN,151,115,2,2.1532593901784325,0.047054604182791615,1.6098526621869351,0.9007079182043288,0.5594971138419245,0.0,144.4898699806608,1,1517.692011432368,244.0784935153861,51.55361749416883,172.228341029391,1516.3886547569305,246.00221828915144,52.19384770847364,173.42160505371345,1516.050048828125,243.33750915527344,51.300048828125,171.78750610351562,0.13283884525299072
MOT17-04-FRCNN,154,115,3,2.9010640327960866,0.04868095456406141,1.5322988543210234,0.9399278490547522,0.6134102668054552,0.0,143.82117977948573,1,1516.0924663638568,243.18781680975707,51.367815732022926,171.91474615465344,1513.5473943552338,247.45024421786644,51.630561382255564,172.34301973146069,1513.3500366210938,243.84375762939453,51.2999267578125,171.4499969482422,0.16471266746520996
MOT17-04-FRCNN,175,116,2,1.7552644488184121,0.11467306939796906,2.3291342726202133,1.2808012366612735,0.5499044223072664,0.03191678697679227,62.84693874731794,1,949.5716214884571,-53.74951464704956,46.05147963566161,126.52562039087404,948.1718086831157,-49.10623755338719,44.525034507334794,121.30406304248191,947.0250244140625,-53.47265625,45.9000244140625,124.2421875,0.35262346267700195
MOT17-04-FRCNN,188,146,4,1.165723975119039,0.1232890240120813,1.1981264263748663,0.45144515021268433,0.3767925823809828,0.0,57.094296813260996,1,1605.6693558036181,-27.928323208837355,43.18245242228458,133.5594156728684,1606.9411277159222,-29.654578708019955,43.293358399866065,131.7960487066146,1605.1500244140625,-29.657814025878906,43.199951171875,138.6281280517578,0.3711364269256592
MOT17-04-FRCNN,190,150,1,0.313923514057932,0.015011537043982282,0.2922626877279016,0.31028095105102776,1.061650919120751,0.0,215.9057218580053,1,1250.7575018886707,81.51287275849747,63.47100576108044,95.95685252797765,1250.8784456981132,81.58104010880626,63.475376733718804,96.35489375220271,1250.7750244140625,81.82265853881836,63.449951171875,95.21719360351562,0.38341736793518066
MOT17-04-FRCNN,191,146,3,1.1205158993714157,0.07730363800287665,1.0850904420887197,1.156602959530434,1.0659046607249234,0.0,57.36536273343899,1,1604.9868727579953,-29.316366234118888,43.19131813832214,137.86791445935498,1605.5096018330466,-30.05120290189164,43.2099087901056,134.3230361695291,1605.1500244140625,-25.85039520263672,43.199951171875,130.88671875,0.18947505950927734
MOT17-04-FRCNN,200,114,1,1.5283783053405016,0.07643236441838952,3.7130757495703905,1.3947748281179249,0.37563866782930644,0.006629498993828319,50.426226703987005,1,1553.8273895023567,-46.949156878294275,46.461143146145616,134.7139743207103,1555.7172082538796,-44.19845763777387,47.92123330662025,134.16252533308383,1555.2000122070312,-46.701560974121094,45.9000244140625,135.75938415527344,0.34007835388183594
MOT17-04-FRCNN,206,150,1,0.28925437380767727,0.04978188408907769,0.4602598870144734,0.3266597678693715,0.7097289533274042,0.0,244.65102617834447,1,1251.2012033966075,81.27349506595795,64.65826774928138,94.78904586735757,1251.208619511489,81.25198692911948,64.19213132700634,94.79540569842948,1251.4500122070312,81.48515701293945,62.0999755859375,96.56718444824219,0.19098567962646484
MOT17-04-FRCNN,234,150,1,0.27968939584048397,0.018414949511371348,0.4368089437419802,0.22562437376767358,0.5165287409979138,0.0,249.70326806780318,1,1251.4466013074211,80.54237244883628,63.578398788357106,94.85138907523599,1251.5336262143342,81.26953999952175,63.12677053344714,95.35949493356327,1251.4500122070312,80.76797103881836,63.4500732421875,96.65156555175781,0.2771573066711426
MOT17-04-FRCNN,241,150,1,0.27698111570634837,0.03982438086516071,0.43927412202899124,0.8442238588324221,1.921861126107276,0.0,243.24267644820708,1,1250.6105982981903,80.62593215190219,64.5345518460994,95.54682819388404,1250.5634924516332,80.85188785651127,63.76769418200047,96.55290244132472,1251.4500122070312,80.53594207763672,62.0999755859375,97.79063415527344,0.42178118228912354
MOT17-04-FRCNN,244,150,1,0.2861864768171959,0.03028570061281277,0.3885654258137633,0.6054936958631417,1.5582799076759615,0.0,207.84835378517803,1,1250.2226346348436,80.56218973853427,63.39184888805223,96.61035022368561,1250.5111152487134,80.76006900470534,63.235544158984794,96.697903716374,1250.7750244140625,80.8101577758789,63.449951171875,94.54219055175781,0.30158042907714844
MOT17-04-FRCNN,245,150,1,0.2845563840271787,0.030082811015489708,0.4354207582050972,0.9431853870450211,2.166147041158636,0.0,207.77566769001035,1,1250.5335998034284,80.713588023008,63.43925849620732,95.30814585359634,1250.540185403853,80.84976214844374,63.374226124146844,96.14527095327293,1251.4500122070312,80.93671798706055,63.4500732421875,96.31405639648438,0.5572090148925781
MOT17-04-FRCNN,247,150,1,0.28928721582105515,0.023008735118744128,0.3470341466125724,0.5487802323710359,1.5813436162629035,0.0,207.72708541412607,1,1251.3069276242086,80.71317198492088,62.596598507594095,96.87006263337133,1251.1382224236281,80.88193660395066,63.16124353497844,96.03893617687845,1250.7750244140625,80.57812118530273,62.10009765625,95.68124389648438,0.4156990051269531
MOT17-04-FRCNN,249,150,1,0.2924072269151683,0.025512394574694786,0.33946710914990896,0.6679078944733913,1.9675187270600716,0.0,207.67835978018235,1,1250.8514681407105,80.73539731928584,62.99920973323247,95.52957933744159,1251.0990953173664,80.82126358681364,62.620022373008396,96.17848313808281,1250.7750244140625,80.07187843322754,62.10009765625,97.03125762939453,0.3893471956253052
MOT17-04-FRCNN,250,150,1,0.29644010204070176,0.013577678331659015,0.3040223920984283,0.29774238402051856,0.9793436002046962,0.0,207.43212668811117,1,1250.797546887868,80.30233096078673,62.42802331815898,96.47593179003441,1250.988704057682,80.55414440282426,62.56383064319698,96.04710619030382,1250.7750244140625,80.5992202758789,62.10009765625,96.65156555175781,0.21358728408813477
MOT17-04-FRCNN,251,150,1,0.296924983301733,0.02151316275561188,0.285644729750702,0.5220947977987384,1.8277767570030068,0.0,206.08558328285082,1,1250.762162715543,80.46725075844874,62.20960280989339,96.59501705408269,1250.8762042247033,80.59336770124023,62.545611953761636,96.20017606051954,1250.7750244140625,79.94531440734863,62.10009765625,97.62187957763672,0.3152148723602295
MOT17-04-FRCNN,252,150,1,0.2984613310841171,0.02805868312427462,0.2855008725541656,0.35122138272830866,1.2301937279076949,0.0,205.67881733678507,1,1250.7716822247232,80.14254223079159,62.12446642403122,97.25608222247436,1250.8045237671336,80.40312355312061,62.25403085069456,96.77567702219713,1250.7750244140625,80.49374771118164,63.449951171875,95.84999084472656,0.5017251968383789
MOT17-04-FRCNN,258,148,4,2.701416129764778,0.11586597960924294,1.1492776684137191,0.9111578142505476,0.7928091176679397,0.6636476066334083,19.07768578765017,1,502.2029231917237,142.07132514796677,51.282700764450794,160.08648318901092,502.9445957720267,143.16863879983492,52.23204164201189,160.66982185085203,501.5249938964844,145.65235137939453,47.92498779296875,154.87033081054688,0.1267024278640747
MOT17-04-FRCNN,258,150,1,0.2918430892336441,0.03515371969498027,0.33850472085317473,0.48097818634219214,1.4208906308010245,0.0,203.07216510553002,1,1251.252860084742,80.65410996682455,62.08647184392125,96.48054438972511,1251.1926736761684,80.49531369870907,62.10032940275687,95.94736886510802,1250.7750244140625,80.59921836853027,63.449951171875,97.3265609741211,0.39418625831604004
MOT17-04-FRCNN,266,150,1,0.29635326889994557,0.02232465501706349,0.3478829667802531,0.3748344805800963,1.077472933065066,0.0,195.52419463864425,1,1251.1489557264326,80.60794253469511,63.46757340298487,96.31388925788463,1250.9949570380081,80.7136461199767,63.46143935622558,96.06401687160152,1251.4500122070312,80.83124923706055,63.4500732421875,96.86249542236328,0.44107580184936523
MOT17-04-FRCNN,271,150,1,0.2911000337186863,0.023155735255633192,0.4406061735613705,0.7953576003012771,1.8051440220923154,0.0,192.77285648383113,1,1251.6276060347604,80.98409589306472,62.148428829747026,96.30894553970025,1251.599929356626,80.8660389082859,62.34103654751971,96.50585859592002,1251.4500122070312,81.75937271118164,62.0999755859375,95.84999084472656,0.4588381052017212
MOT17-04-FRCNN,273,150,1,0.2899381187934144,0.026541603067454567,0.4922070829428023,0.5599085003840145,1.1375466135847532,0.0,192.2947131702458,1,1251.496255807287,81.11503101804696,63.79410641038314,96.6377095302907,1251.386466530363,81.16957142636443,62.681961161836625,96.3228350442107,1251.4500122070312,80.55703544616699,63.4500732421875,97.74844360351562,0.5812883377075195
MOT17-04-FRCNN,281,112,2,1.362640957025236,0.146749769394515,3.203792549671906,2.890653765649559,0.902259968719131,0.14793065978525716,72.08479889260528,1,1579.5013207694924,128.94037709565202,54.27365986066956,150.55683403926386,1576.7572507969571,132.14339172794953,55.23382755153307,156.18840081704826,1574.1000366210938,126.87891006469727,59.4000244140625,155.2921905517578,0.4299020767211914
MOT17-04-FRCNN,282,150,1,0.3066471800065095,0.0356461504770077,0.22539067677739844,0.15349508676806686,0.6810179061650474,0.0,185.1642084908011,1,1250.7228073259726,82.01581978143115,64.38949313195603,95.95629265674339,1250.9855665813743,81.85945139019348,63.998833341307545,96.32736829947734,1250.7750244140625,82.16016006469727,62.10009765625,96.22969055175781,0.48291778564453125
MOT17-04-FRCNN,288,112,2,1.4590729136467395,0.14697445102729312,1.726322981185152,1.616160236550237,0.9361864808407484,0.23478995323425697,69.28898087553844,1,1570.7378126649455,123.82143438413416,61.55589009467172,151.76162022990727,1572.3171601762376,122.63618633888936,63.58256681293824,155.59259563258922,1568.7000122070312,126.33047103881836,64.7999267578125,154.70156860351562,0.12274771928787231
MOT17-04-FRCNN,291,112,3,2.0570675168493553,0.11579879302974516,1.6318160117596654,0.6421597013268011,0.3935245742774209,0.2707012533701132,67.18813559586616,1,1568.743110665049,125.19316314884716,64.05087861303439,153.97459328413098,1569.7034881006534,127.78167518835478,63.466480522419715,153.93283989086163,1567.3500366210938,123.86249923706055,64.7999267578125,157.27499389648438,0.1002347469329834
MOT17-04-FRCNN,295,112,4,2.4297127335065523,0.12773971178405386,1.4426765214882116,1.2049333642264155,0.835206885451668,0.3404719577843223,63.500769379695534,1,1567.0721479474043,123.65390554108916,64.66803504450041,156.67187045080024,1564.611120868729,122.84538779558132,63.42493458406898,154.1360279882795,1567.3500366210938,118.84218978881836,64.7999267578125,150.4406280517578,0.20970821380615234
MOT17-04-FRCNN,299,112,3,2.001938304245337,0.13481108382443008,0.8786977147678134,1.7342203576945225,1.9736256605068923,0.4349287072868847,53.56211327045271,1,1566.8985327709433,118.70959429673817,64.79842351470243,151.04766266127842,1569.5938174992361,118.89801992696843,64.75111657598018,153.0313277119762,1567.3500366210938,113.52656173706055,62.0999755859375,142.171875,0.20344805717468262
MOT17-04-FRCNN,301,151,2,1.843915954984639,0.09108204320582924,3.1139648533916513,0.4318281856909285,0.13867471407732565,0.08479330898202757,59.46201203355912,1,276.0488029593484,39.05911540628981,48.650799440198824,145.83788576024057,276.12279621191146,41.37230540261963,48.65825214750339,147.89897033429614,275.7375030517578,38.25351333618164,46.912506103515625,139.4929656982422,0.2132248878479004
MOT17-04-FRCNN,307,151,1,1.868333456352305,0.07450268774805946,1.6385618046105561,2.9314014946505265,1.789008804185598,0.05867802897011059,58.32403759260254,1,276.56456539183284,40.56785523990578,49.33022601119216,145.2552431726303,276.36453264967287,38.93227808087855,48.931676905629956,143.82112665356095,276.4124984741211,43.495309829711914,49.61250305175781,145.88436889648438,0.4136073589324951
MOT17-04-FRCNN,308,151,1,1.8944222634286112,0.023992532424510493,1.4104350842991895,2.169380352890132,1.538093016147598,0.05055977630526398,58.784184828867,1,276.4711350580508,42.48868008063416,49.524949518755314,145.65289816143513,276.3875962558309,39.00108218773683,49.23131323050521,144.44733358021745,276.2437515258789,40.33124923706055,48.93748474121094,146.1374969482422,0.2831447124481201
MOT17-04-FRCNN,313,151,3,1.9118553433598937,0.05142248500527635,0.9704013922819625,0.11248828480954388,0.1159193357555066,0.08539451043073057,59.276015407137855,1,276.2358044206925,41.861702244242764,48.897229102928726,143.13620519818252,276.00298205759566,39.24180944150258,48.964412269057675,144.12413606493593,275.90625762939453,41.93437576293945,48.26249694824219,139.0500030517578,0.5150032043457031
MOT17-04-FRCNN,316,151,1,1.9638914184695972,0.04274335586490252,1.4505037959074636,1.216838094452259,0.8389072113327227,0.08946390375120279,59.75277662924766,1,275.5173887572324,36.40186370413755,48.64998424861618,144.95878147508637,275.81354002318375,39.25828594047405,48.592866023246074,143.1744753214683,276.2437515258789,37.37812805175781,48.93748474121094,145.63125610351562,0.2158794403076172
MOT17-04-FRCNN,324,151,1,1.4509297879121306,0.030147115657629397,0.8516277778946126,2.625049157584534,3.082390248089558,0.049790516877356646,59.73407129233798,1,276.14554364097035,44.769414503417664,47.4099850450908,139.22749265878014,275.7764304933378,43.41176546279979,47.692379588149265,139.89938687095315,276.0750045776367,42.14531326293945,47.25001525878906,140.3156280517578,0.49749183654785156
MOT17-04-FRCNN,327,151,1,1.4715827141485265,0.03462879129310781,0.8673027432406547,1.275733504518497,1.4709206381058488,0.05628579533065162,59.16870714803479,1,275.9635835887087,44.44280202869467,47.09828003840484,139.05220298950354,275.7890372677165,43.430155756997024,47.28392285297423,140.22262210534515,276.5812454223633,43.32656288146973,46.57499694824219,140.3156280517578,0.13956284523010254
MOT17-04-FRCNN,333,129,3,0.9954656845733048,0.058007022470404124,0.7445396460618432,0.5026422778746272,0.6751047852633446,0.7039774740592667,9.332475397510521,1,232.23740117563787,181.61707326733156,44.22811993867599,178.18827466118634,231.6370830392045,182.63686171468805,45.421456673791,179.24389573837277,230.85000610351562,182.20781707763672,43.875,174.9093780517578,0.38982295989990234
MOT17-04-FRCNN,334,162,1,0.7505303113052466,0.13061219338453223,0.8372399833742603,2.9452555265071134,3.517815184407569,0.04326712832339233,122.36678401978936,1,1549.8055238155828,-33.29394205364697,48.649660532986196,119.21896328937171,1549.5415851949622,-33.44308429390007,48.75056450413149,120.58021789343823,1552.5,-32.10468673706055,51.300048828125,119.55937957763672,0.519498348236084
MOT17-04-FRCNN,335,162,1,0.7714633239958765,0.11951093555155812,1.0403353197870826,2.7119273800613404,2.606781994690298,0.044121658134166686,119.82442620898983,1,1551.5147318690983,-32.51310849041517,50.33956938625105,119.40930729291402,1551.2619410024552,-32.62602486340238,49.235376872170036,119.51891567967505,1553.8500366210938,-31.134376525878906,51.2999267578125,117.44999694824219,0.5456042289733887
MOT17-04-FRCNN,345,162,1,1.3123153867511144,0.04082915340364024,2.7540115923881197,2.911157844664595,1.0570608535965555,0.036569277146655345,111.21147237173477,2,1565.895878986906,-31.498588420691476,41.06714593464573,125.3904846219038,1565.1477432108566,-34.621072400865316,43.311256021377176,126.4751379098264,1564.6500244140625,-34.12968826293945,43.199951171875,124.1156234741211,0.5650568008422852
MOT17-04-FRCNN,347,160,2,1.6645427930061405,0.13530929379497258,1.6586444179214979,3.454908057777437,2.0829709010849333,0.685741059941139,21.33559549172297,1,274.2710110567707,164.98048714881074,51.76248236233164,165.97347344345016,275.8815625945967,165.81245898722122,50.332490491783375,164.43688217030973,274.5562515258789,158.0765609741211,50.96250915527344,168.4968719482422,0.11944413185119629
MOT17-04-FRCNN,352,151,1,1.3334685126647294,0.07521697664451488,1.2147660422822328,4.096701530742809,3.372420192983137,0.08845997124001945,61.29165225142346,1,275.59982949457424,38.358216865451546,46.974876223043495,145.60538955323202,275.769171575847,38.89856352791381,47.19941898420208,143.7963446829805,275.0625,42.41952705383301,47.25,147.36093139648438,0.5484960079193115
MOT17-04-FRCNN,371,151,2,1.6079572521426437,0.037847020086776206,0.8650213518174584,0.27700912334362465,0.32023385638009155,0.10994121001531106,59.828150809097494,1,276.1463484480271,38.23727292004145,46.00166224202369,143.52482239782017,275.86049124844317,38.88403287022756,46.44950876139072,143.17540835319213,276.58126068115234,38.580474853515625,45.56251525878906,144.23907470703125,0.24278759956359863
MOT17-04-FRCNN,376,162,5,4.3835806444593395,0.09337508229799474,2.2524752197061533,0.4796986637161867,0.2129651236646083,0.10933556890097237,94.67594229026824,1,1551.9596618638016,-30.796194832601607,50.34799703016186,127.59027860035958,1552.789073610592,-35.009208532367076,49.25380994953093,123.17074144011981,1551.1500244140625,-33.05390548706055,48.60009765625,123.9046859741211,0.13914227485656738
MOT17-04-FRCNN,377,170,3,3.161304904951537,0.11169127832006043,3.463078511047298,1.5819230081986877,0.4567967498144549,0.07177904219476389,81.20522276287862,1,1858.161834406373,749.7124417829942,63.10453218168006,222.69132610206182,1855.1033095426253,753.9340925499874,60.696147082209336,211.21349564005027,1856.2500610351562,745.3687744140625,62.0999755859375,212.9625244140625,0.15607774257659912
MOT17-04-FRCNN,379,151,1,1.1419097176793234,0.059059459067067444,2.127350074243942,3.606286181122537,1.695201097733859,0.11083539687578545,60.876146014283805,1,275.9756819129838,39.223654508947384,46.6843984261539,145.0932723344722,275.8610419764202,38.862720144094666,46.412742601831496,144.06583423205862,276.24375915527344,35.62734603881836,46.912506103515625,148.79531860351562,0.5135297775268555
MOT17-04-FRCNN,382,151,1,1.1482863347289425,0.02842428408890918,1.870712100793853,0.3899650848267968,0.20845809713921867,0.1239267852874431,59.51267159586482,1,275.91424945297206,40.32307361757833,47.43176648954121,146.41617086253459,275.8714360619732,40.5720184714021,47.130668206783184,146.81371944989482,276.2437515258789,40.53164291381836,47.24998474121094,144.89297485351562,0.5181012153625488
MOT17-04-FRCNN,386,162,10,4.544770601680076,0.0880842856249302,2.210411656084859,0.1531001122153835,0.06926316724485546,0.10473117321249717,92.65334590532909,1,1551.3177822083019,-32.67181278527953,48.83622127617387,124.39107900152078,1550.8334407465427,-34.9597802943341,49.28305827859003,124.58537535236398,1552.5000610351562,-33.64453125,45.9000244140625,123.3984375,0.1273500919342041
MOT17-04-FRCNN,387,151,2,1.4235679362417004,0.06314693490210344,1.033878032550665,0.6983788900415115,0.6754944665170528,0.1089466683880498,61.48280027786275,1,275.44574254583176,40.01398873500694,46.000940059204154,144.02354574724126,275.59635126752306,39.65282144495859,46.860277717874624,144.56559611943092,275.5687484741211,38.622657775878906,44.55000305175781,142.46719360351562,0.4067056179046631
MOT17-04-FRCNN,388,162,2,3.2698927505567257,0.12638052233298636,1.8013993213688224,2.5924616356828167,1.4391376775433071,0.09686998088937374,98.1609864578012,2,1552.452989036319,-33.5451126077822,46.06840991047066,123.45045338606994,1552.0475867239181,-34.9172486695425,48.41754273893548,125.14393699598341,1553.8500366210938,-38.53827667236328,51.2999267578125,133.18594360351562,0.141082763671875
MOT17-04-FRCNN,392,162,4,4.525723471535338,0.12630767171779755,1.7155434438451094,0.6448290566613293,0.37587451310242,0.08531983981089962,99.42740407793475,2,1553.5478509941502,-37.36264880143497,50.10038931345023,130.90093093071863,1550.9945526266386,-34.931538042754696,48.33500683336479,126.24748777276977,1552.5,-39.71952819824219,51.300048828125,134.1984405517578,0.15348941087722778
MOT17-04-FRCNN,392,157,2,2.0831666655357126,0.1034646907537442,1.4741824506629422,0.5972936935504795,0.40516945055333925,0.06678291806797354,72.49305428237513,3,733.7214810225614,15.465112189434933,65.71916228686202,137.05322444782473,735.1393692572858,13.284777039603721,66.5075534522498,137.89269806649398,733.0500183105469,16.453128814697266,66.14996337890625,132.80625915527344,0.19362008571624756
MOT17-04-FRCNN,392,151,2,1.2626807209363737,0.09633498637691396,0.7624597962077269,2.7859355883968955,3.6538786730177795,0.05117118162683228,63.774555261062595,1,275.12440748065535,38.87511521174941,44.21459195529442,143.35161964626428,275.41125538071975,38.451847648306256,44.31437478201079,141.95392126852315,274.7250061035156,33.31757736206055,44.88751220703125,151.7273406982422,0.12322604656219482
MOT17-04-FRCNN,394,157,2,2.222347987131669,0.09147149318280912,0.9039725811597082,0.9001879813181103,0.9958133687675098,0.06739586056093108,74.20399354436056,3,732.9297121964441,16.356677280583327,66.17195771683886,133.8653570623779,734.7044442545543,13.461114632505126,66.20385809055892,136.67554874047562,733.7250061035156,17.971874237060547,66.14996337890625,135.5906219482422,0.1144111156463623
MOT17-04-FRCNN,395,151,2,1.3234766067284782,0.12656024477395522,1.014062572253313,2.186424199569022,2.1561038336230527,0.08200184436902452,65.08726886486619,1,275.3769690771103,34.67324491231788,45.27163513320812,148.06275229856297,275.5999213137897,38.32948670780563,44.73064511422254,146.99705578732753,275.06250762939453,30.311717987060547,44.88749694824219,145.5890655517578,0.15583133697509766
MOT17-04-FRCNN,405,162,2,3.0720683397896895,0.07657246333427259,3.1205289207790967,0.467038434523273,0.14966643360147688,0.013252647739900699,101.7755405390187,2,1563.8564978185277,-42.036906438608554,48.90880061829145,140.64648029786173,1563.8069106000166,-38.31017680598646,49.70393968865983,140.10683863004132,1564.6500244140625,-41.54414367675781,48.60009765625,142.5304718017578,0.20089209079742432
MOT17-04-FRCNN,408,150,1,0.25638144732180007,0.01584962125817846,0.37999555544548574,0.7414733578387334,1.951268500941994,0.0004780993714013998,108.85027160630969,1,1250.7985608027082,80.76348793327782,64.16548350860388,98.10826445144333,1251.501428972352,80.96235302976021,63.14744100438975,98.9002816273283,1251.4500122070312,80.40937805175781,63.4500732421875,98.38125610351562,0.5153274536132812
MOT17-04-FRCNN,432,161,8,2.9331153417641014,0.1499480359379718,1.663926051007978,0.6723498619134691,0.40407436466672964,0.7117077682697566,8.717377078450847,1,251.85301420206056,190.20507851398824,55.73737859122339,179.62330327035212,243.11281097439542,191.9552400185063,49.1912363704223,178.60671138687746,246.54375457763672,191.06719207763672,55.34999084472656,184.1906280517578,0.17116719484329224
MOT17-04-FRCNN,432,151,2,1.1127576248159061,0.09230455635008095,1.2218526225220052,0.8893854110810044,0.7278990892086799,0.08130650683005623,67.99677089118997,1,269.6343800826446,44.908885965401375,45.60959187024073,136.56293345902054,269.7589004588979,44.34307699214999,45.29641539724739,137.815810904374,268.14376068115234,43.93827819824219,47.92500305175781,133.86093139648438,0.3942495584487915
MOT17-04-FRCNN,434,95,3,1.3009374140480705,0.09772765867964917,1.5243475876619514,1.6674213740551647,1.093859030283677,0.5707090796729719,15.249539061265784,2,367.09361101837027,254.08204016667634,51.88441996903261,170.66136504543707,367.5563829141959,253.8797231371484,52.519066190872195,173.45233352811852,368.8874969482422,249.4124984741211,52.649993896484375,165.03749084472656,0.20635712146759033
MOT17-04-FRCNN,444,150,2,0.3539942293167048,0.04260454159754146,0.1888688952703131,0.3225653383437163,1.7078796266693577,0.0,121.3848995453655,1,1251.4966764002831,81.44135019773888,62.26294946280819,99.57483881838849,1251.4478983737242,81.1868731542821,62.703594867095035,99.95871243987233,1252.1250610351562,81.29531478881836,62.0999755859375,97.7906265258789,0.10729324817657471
MOT17-04-FRCNN,450,150,5,0.3733035244200945,0.041822800348418565,0.2108807023097335,0.02612929425906916,0.1239055730224734,0.007688317082931341,119.22873877673945,1,1252.082305775771,81.04529839051665,62.994148687292835,99.05803328498128,1251.458496309725,81.03389115362285,62.4666050728938,98.9621769529215,1252.1250610351562,81.16875076293945,62.0999755859375,96.86250305175781,0.10320737957954407
MOT17-04-FRCNN,452,150,2,0.36333326918074726,0.047694116599292014,0.17525494704101668,0.4876510362294681,2.782523657465362,0.015396478804939091,119.82646438130858,1,1252.1618254687694,81.16048495804394,62.22298828737269,97.13225078162662,1251.4608387576238,81.08982914701156,62.453284681082096,98.14798094066754,1251.4500122070312,80.49374961853027,64.7999267578125,98.3812484741211,0.1500324010848999
MOT17-04-FRCNN,455,150,2,0.358720296502461,0.03887407900255324,0.2324155377032464,0.38008831781977653,1.635382563385595,0.015375742170578618,124.0987977242966,1,1251.501295573723,80.81854629188442,64.61806691419362,99.38176729766643,1251.4598097884016,80.94026129025775,63.678486497025006,98.19453676812765,1252.125,81.25312805175781,63.449951171875,100.06875610351562,0.22183537483215332
MOT17-04-FRCNN,455,172,1,0.47568540813811866,0.017455742018340215,0.6203649235185009,0.10819290265949989,0.17440203105918076,0.0,226.20990088486954,1,1188.7187432926055,-29.48500711518922,61.60189012612782,127.16927375065947,1189.1170693629433,-29.564245965273777,61.037540723114034,126.56885180804859,1188.675048828125,-29.583984375,60.75,126.96328735351562,0.5057823657989502
MOT17-04-FRCNN,462,129,2,2.9886556712643313,0.06209596548643481,0.4263895326696622,0.3421511800513657,0.8024380380754828,0.6649072424611128,24.78696789943796,1,231.59957681112905,168.25807055105773,41.25419985072936,174.40762399657842,231.84053414732904,172.41858385740713,40.93145741460228,173.8740147234633,231.35625457763672,168.89765167236328,41.51249694824219,171.82968139648438,0.26657867431640625
MOT17-04-FRCNN,466,172,1,0.4583803617533713,0.030081217204985466,0.3550979518949813,0.7244071078083131,2.040020518120458,0.0,219.4182872928564,1,1187.3337492578905,-28.975642530995017,62.9215349074626,129.70417112202662,1187.4736081283147,-28.987957721959543,62.22180095137719,128.76752971443702,1187.3250122070312,-29.699996948242188,63.4500732421875,129.26251220703125,0.3487553596496582
MOT17-04-FRCNN,467,172,1,0.4571410673771167,0.03343370537011159,0.32841629924575044,0.8228089572821801,2.505384048148234,0.0,219.36705847601866,1,1187.310358135552,-29.442062857243187,63.28801097108295,129.46053533096506,1187.4363315879116,-29.370633259758677,62.731345224190136,129.07405722337947,1186.6500244140625,-28.951171875,63.449951171875,130.25390625,0.4350900650024414
MOT17-04-FRCNN,468,150,4,0.3889884790479891,0.016271768894504657,0.17201951186680167,0.006365984717687121,0.03700734090337634,0.003885048753878683,127.76617355191267,1,1251.4338861700714,80.15764215994798,63.49200248419876,98.56914911696452,1251.4899307695305,80.85132165476864,63.614757208899846,98.4818839303095,1251.4500122070312,80.17734909057617,63.4500732421875,97.15782165527344,0.10293817520141602
MOT17-04-FRCNN,477,150,1,0.33364358536388977,0.051391546353734774,0.45955873109709916,0.7613986852900924,1.6568038724286975,0.0,135.99242164562799,1,1251.5030285584953,81.12674433784163,63.3177855661268,98.49504815064496,1251.5367627810042,81.25038808904728,62.935423751755025,97.86665108491957,1251.4500732421875,80.36718940734863,60.75,99.30937957763672,0.3876078128814697
MOT17-04-FRCNN,492,150,2,0.3186807573190909,0.02304122688651722,0.36448874605690357,0.29104626868379596,0.7985055007387201,0.0,135.9997447990214,1,1251.8629441594503,81.09598539430891,63.268841538187004,97.78754135690609,1251.7514172142137,81.14723607012425,62.78521423265602,97.4967854442499,1251.4500122070312,81.50625228881836,62.0999755859375,98.71875,0.17821240425109863
MOT17-04-FRCNN,513,150,1,0.2910724272258985,0.008330249610314033,0.3553780373226936,0.11149353415324689,0.31373220189183365,0.0,138.50453028884766,1,1251.468266012672,81.83923344370065,63.53766506460487,98.8637131462361,1251.5460031627276,82.14345423868843,63.731104054606476,98.66883356884317,1251.4500122070312,81.94922256469727,63.4500732421875,98.33906555175781,0.5716757774353027
MOT17-04-FRCNN,515,150,1,0.2932192359434765,0.03134611801448761,0.29672276020027094,0.7739843056238804,2.6084426590716707,0.0,140.10486837737017,1,1251.487156468395,82.44224731229947,64.31845559477124,99.14425310779731,1251.5554876628328,82.09161559051674,63.78068636792659,98.85046357371527,1250.7750244140625,82.13906478881836,63.449951171875,98.12812805175781,0.5442314147949219
MOT17-04-FRCNN,516,150,1,0.2892430401809948,0.04726750754701892,0.2928959677486861,0.9932800834546499,3.391238503859894,0.0,142.0436798666978,1,1251.0347992052148,82.25613504446454,63.78587819015149,98.52074507889643,1251.53802921999,82.20151369952904,63.86342407644224,98.7361408846021,1250.7750244140625,83.21484375,62.10009765625,98.5078125,0.25973188877105713
MOT17-04-FRCNN,517,150,1,0.29463125676234914,0.03420291413563059,0.42886947961589234,0.10945545650613106,0.25521857280252835,0.0,142.3448361230079,1,1250.8762692091022,82.8568481850203,62.720877206871556,98.5226749765345,1251.5166032823286,82.33178124620551,63.60840366393131,98.72922438774276,1250.7750244140625,82.89844131469727,63.449951171875,98.12812805175781,0.3486853837966919
MOT17-04-FRCNN,518,150,1,0.3033447290391435,0.0450928801514584,0.43161039029089376,0.6210072882952038,1.4388145009128757,0.0,143.2546005034298,1,1250.8238505661964,82.91216895865283,63.17694325073869,98.28015812794239,1251.5033286022024,82.46143625345665,63.227899549253834,98.4411927277911,1250.7750244140625,83.53125381469727,64.800048828125,96.86250305175781,0.3911252021789551
MOT17-04-FRCNN,519,150,1,0.3178152305540397,0.03465439939865256,0.3978737753422213,0.08238262140564082,0.2070571787114681,0.0,144.58377050213238,1,1250.794567232779,83.31596629605671,64.2064897484639,97.38600848057786,1251.49154979652,82.67590511257066,63.368103402024644,98.06294719501824,1250.7750244140625,83.23593521118164,62.10009765625,99.30937194824219,0.3624991178512573
MOT17-05-FRCNN,36,191,1,1.8870966179665736,0.128248927642865,7.300106686052581,8.341664999406786,1.142677135848464,0.016538254587588223,30.777872444479105,1,240.82253247602551,220.2468364687109,22.333891665528455,63.971898736443606,247.96412034373395,219.3724419248595,22.62253357944357,63.6474751649767,248.25001525878906,216.45001220703125,21.600006103515625,64.5,0.4854702949523926
MOT17-05-FRCNN,174,207,2,10.243700154810053,0.10297950586575721,10.643042953871637,14.103183944262517,1.3251082425756986,0.0411830964359069,155.81012951607534,2,-48.6113587398967,259.96847538915165,322.93508518838377,785.7294317278086,-33.61464521978178,249.24706582049947,302.8637213277125,785.3231105469343,-29.51251220703125,280.7249984741211,309.375,754.9500122070312,0.30358171463012695
MOT17-05-FRCNN,238,212,1,3.7868211972650707,0.0928979551670398,4.0580437260399815,5.649816529574854,1.3922512695761893,0.435060852666479,20.604225481757535,1,249.46084117881932,228.34863748623602,53.48016650458495,155.45367213076145,249.24901024017007,224.3836528650127,53.72551108401325,157.3145034775343,246.9000015258789,223.31251525878906,58.19999694824219,158.17501831054688,0.3644510507583618
MOT17-05-FRCNN,239,212,1,4.934933617182284,0.1471787392929388,3.800610268654286,5.0547853186673315,1.329993069891147,0.41194044635915583,21.205908894751328,1,248.90699325341586,222.8323246353076,56.60857297895186,157.10619012542546,250.01520729301453,224.01733199074022,54.81477231592356,156.86194266021198,253.95000457763672,222.48751831054688,57.59999084472656,156.82501220703125,0.4818742275238037
MOT17-05-FRCNN,240,212,1,4.901599503106804,0.10827809375082853,3.09117774905992,3.436354921578339,1.111665261767426,0.4300409545029268,19.743616615108298,1,253.36570466539322,222.00593912021873,57.431126478425384,156.2317419613815,254.3116843227619,223.97055541235602,55.83995532065407,156.26386807252277,256.8000183105469,221.88751220703125,56.70001220703125,152.625,0.22353744506835938
MOT17-05-FRCNN,321,213,4,6.5849034510178495,0.13574713956793294,2.710214729068528,0.8090596497905482,0.2985223425704772,0.19244707536808994,28.90135701517075,1,338.23401546797623,238.26299010816683,50.614126702258645,157.30033968897257,334.4210066772887,230.02540208806914,50.613038743295874,155.33004475172015,335.70001220703125,236.25001525878906,47.4000244140625,153.30001831054688,0.4202878475189209
MOT17-05-FRCNN,322,213,1,3.155113755581987,0.13832371708558167,2.521481939434871,6.420410976036619,2.546284736616277,0.18207943980368332,29.887044178128075,1,336.0141269151822,236.9627407473388,47.576151247581386,154.86968124917792,333.5694443830315,235.24733453895206,49.65064959524966,155.7002144944458,335.70001220703125,230.55001831054688,47.4000244140625,149.70001220703125,0.31226563453674316
MOT17-05-FRCNN,331,230,2,3.9863478853454577,0.08233365382454749,3.7956678469236507,2.227728749774454,0.5869135128828528,0.041501026909347316,40.32363057397441,1,102.9141532030437,220.45303308173604,23.564286619886047,62.934874544443836,105.73357169681191,221.8124168108306,23.411881895559162,57.41812947577915,105.67500305175781,223.95000457763672,23.699996948242188,60.30000305175781,0.16609203815460205
MOT17-05-FRCNN,338,231,1,2.8038117974228585,0.10754039286689021,5.008058939678802,2.3752097102716148,0.47427750728987067,0.07392556916217122,54.389913089817696,1,60.086098068215136,213.16202520530274,48.14008752799564,94.27680298346006,64.04963969980847,215.85076921513902,47.54038891983697,94.94314983070393,62.34375190734863,213.90000915527344,45.11249923706055,95.39999389648438,0.4452667236328125
MOT17-05-FRCNN,349,230,1,3.566198153554325,0.12664433902997196,5.751253123789805,6.740424721901958,1.1719923600685367,0.2953710363151089,16.70720909730734,1,126.7215069479815,209.92987080886712,29.28361344551767,81.08155247894558,119.57948855991415,214.03613931848054,28.548629175467696,78.97425936688319,120.45000457763672,212.40000915527344,31.050003051757812,83.10000610351562,0.5123205184936523
MOT17-05-FRCNN,355,234,1,2.9127708339980023,0.11347265226354919,4.926489826974834,2.41418702473958,0.49004201967915934,0.1987917928175853,34.78476241799194,1,298.8566312181755,213.32543527199385,48.671701345566746,133.49645861461534,294.82512356624727,214.43318697770147,47.855729635546254,133.64391752031332,297.45001220703125,215.28750610351562,49.5,132.82501220703125,0.29973316192626953
MOT17-05-FRCNN,359,234,3,5.630952122254557,0.101481706835713,2.9253888722485755,0.05476519918908613,0.018720656152284916,0.19554710243123047,38.591066707594585,1,298.36060641435927,215.4778268621314,50.20144023441291,132.57280304051628,297.73354111695227,219.0781933559956,49.39956631863413,132.97828760610037,298.20001220703125,215.51250457763672,46.79998779296875,132.97499084472656,0.32924413681030273
MOT17-05-FRCNN,362,234,1,2.9652392297613632,0.1279326861681478,4.104225181829846,2.2722453576912076,0.5536356454686874,0.18401520810663685,38.39716668510389,1,312.5745162678526,221.1791012886515,47.38706337692092,129.92768740536306,317.0567070493555,222.17038047491263,47.34938536952734,131.12647547985958,314.625,220.20001220703125,42.75,131.70001220703125,0.4483680725097656
MOT17-09-FRCNN,18,267,1,0.7261600553271036,0.1447037456409498,2.330365483800657,3.7398176287761222,1.604820211581898,0.0,160.54077522635185,1,1901.8383384269937,526.0560377771931,89.53039035882064,211.0878033046818,1902.6799623713462,526.3555026931917,89.72127172407454,209.27675916845095,1898.1000366210938,526.1625061035156,78.2999267578125,205.20001220703125,0.4585385322570801
MOT17-09-FRCNN,25,267,1,1.172209603874126,0.10891181263487038,2.399750399959537,2.107909628638251,0.8783870308652905,0.0,185.11344324486595,1,1910.0500105355818,522.3714868489618,78.57502531488991,203.5667185399825,1910.595505630505,523.2006915672116,83.41696885471174,207.32133889167176,1911.6000366210938,523.8000183105469,75.5999755859375,203.85003662109375,0.5171163082122803
MOT17-09-FRCNN,27,267,1,1.1725302094855214,0.11779961155331442,2.1925557701561575,2.3839486267660073,1.087292126939247,0.0,192.95012412226836,1,1911.9715671747244,519.8989095912109,74.04548206334151,192.9058575700518,1912.9638263458876,520.9923190124622,76.37204087493956,200.06255448268206,1912.9500122070312,517.7250061035156,72.9000244140625,184.95001220703125,0.526195764541626
MOT17-09-FRCNN,28,267,1,1.1416541027102747,0.06925110519590971,2.1827094414235413,1.3509692933727953,0.6189414256126122,0.0,195.01002453519163,1,1912.993633701793,518.4068363590785,73.15539978888182,187.49832985007853,1913.642226883784,518.3043426056295,74.56549903293671,194.70642491938065,1914.2999877929688,518.0625152587891,75.5999755859375,184.27499389648438,0.36850976943969727
MOT17-09-FRCNN,32,267,1,1.0820841202131055,0.09551051459720461,1.6737702654370836,0.2979659044853641,0.17802078973338323,0.0,202.8297643911956,1,1912.6739588781993,513.4496771664878,63.53746346570008,170.189926983074,1912.1022018613048,513.6152840063633,67.41386684854069,173.92100650991932,1912.9500122070312,513.3375244140625,62.0999755859375,170.7750244140625,0.18752074241638184
MOT17-09-FRCNN,33,267,1,1.075150174627804,0.04624555607947234,1.502181763701519,0.57020213919511,0.3795826530273391,0.0,202.656523371662,1,1913.1228587920634,513.13164501567,62.289973579794896,169.99829708064632,1911.6536086951637,513.1284243835948,64.28809390737297,171.5011414888097,1912.9500122070312,513.6750183105469,62.0999755859375,171.45001220703125,0.2326812744140625
MOT17-09-FRCNN,34,267,1,1.08558171998688,0.051594757448675255,1.0175763453123732,0.5320534701080553,0.5228634417054248,0.0,204.9500552392394,1,1913.2880117466145,513.264105003216,61.84969035561129,170.38918664382868,1911.7484592758422,513.536527610469,62.5590424670354,170.19247023584967,1912.9500122070312,513.6750030517578,64.7999267578125,172.80001831054688,0.27563202381134033
MOT17-09-FRCNN,35,267,1,1.0872547451416663,0.11322975872109087,0.7886135965498038,2.2854509997531,2.898061876883663,0.0,207.6345802401675,1,1913.304294107266,513.3053943939683,63.465425197968834,171.42667735585246,1912.0865770574267,513.9815984238464,62.535029711124935,170.60472036010918,1914.300048828125,515.3625183105469,67.5,178.20001220703125,0.2561459541320801
MOT17-09-FRCNN,38,267,3,2.1447008889163928,0.08524918967808082,0.5622050023014735,0.5131819003714478,0.9128020886876815,0.0,212.3606223548855,1,1914.2425364583028,514.4011825909928,65.80413908487735,175.30534688344915,1914.573919523234,517.7610923493379,63.706418212819244,172.37373696104345,1915.6500244140625,515.0250244140625,67.5,174.1500244140625,0.1261453628540039
MOT17-09-FRCNN,46,267,8,6.533277890707335,0.14259627421118348,0.5597538086378699,0.056204933882023515,0.10041009639361834,0.0,203.1740883361008,1,1915.848498423852,514.6215445082847,67.10196115310082,174.189227047492,1918.9072943106728,518.6135365422481,65.45717514531543,173.6404170955979,1915.6500244140625,515.0250091552734,59.39990234375,165.37503051757812,0.28152012825012207
MOT17-09-FRCNN,48,267,1,1.2816939216438303,0.053999755036246544,0.7419755085331566,0.11994011502991157,0.16164969550952749,0.0,205.1349350011421,1,1916.9540793122592,515.2517270960959,59.48816857567854,166.85952390899362,1915.6166006345527,515.9179027038423,62.18473390532699,169.01901888431877,1917.0000610351562,515.3625030517578,59.4000244140625,167.39999389648438,0.30625200271606445
MOT17-09-FRCNN,63,267,1,1.008433026582868,0.024401643401780304,0.4216255241982842,0.31926037605036883,0.7572131138346962,0.0,177.4104339884499,1,1917.0709915847287,526.4737734847388,65.63848658511608,182.23104491158205,1917.6020206365665,526.2436934576056,65.91157977252124,182.86980434468938,1917.0,526.1625061035156,67.5,182.92498779296875,0.3638259172439575
MOT17-09-FRCNN,70,267,1,0.986710549267382,0.05664859641104347,1.1510519847188805,1.557227839158716,1.3528735972242254,0.0,163.8131950972132,1,1920.9130960942741,527.0498926736594,60.48935470757263,180.19679808388605,1921.2916905848026,527.2949650502422,61.81359606198248,181.5180861721007,1922.4000244140625,527.5124969482422,59.39990234375,178.19998168945312,0.5761446952819824
MOT17-09-FRCNN,86,268,5,9.992181312827656,0.08119594697583621,1.134312101314163,0.7740896863870802,0.6824309513142411,0.692605814164608,15.9301259548398,1,1418.2428994387187,545.440896532807,100.77302830417865,321.6702475042809,1416.162625405691,545.5723265526734,102.24072125483144,324.76566458032016,1419.1875610351562,541.6875,96.5250244140625,321.9749755859375,0.575624942779541
MOT17-09-FRCNN,132,268,1,1.863208800252375,0.04620296808325175,5.621901200586638,5.728704341988933,1.0189976909219163,0.5693399836562972,27.690195460393866,1,1567.0914643411638,531.1063773539901,81.25268665981791,269.17292667254395,1571.6006391384803,531.045377487096,82.59303879186655,272.4966380781468,1572.75,530.2124938964844,81.0,267.29998779296875,0.25811004638671875
MOT17-09-FRCNN,192,268,1,2.007721178385532,0.10760373201581586,2.7566840802214183,4.804349321958158,1.7428001113469158,0.429900716261327,33.624110056890785,1,1775.7151697774927,530.3106863650493,93.31506865382073,234.68280650475955,1775.0551045321936,530.9323812174713,91.34214515503436,234.11216379570368,1772.5499877929688,533.9250183105469,89.0999755859375,220.72503662109375,0.14382719993591309
MOT17-09-FRCNN,204,262,1,1.3378192563911038,0.12649291760372994,2.3298872311656487,4.239723915478272,1.8197120696511682,0.07225897934709928,66.30156648470111,1,1926.877393113983,541.554184093081,63.943829740328376,210.36230357842746,1927.2430376256666,542.2993553274431,68.21429299750253,215.1910378582993,1929.1500244140625,537.9750213623047,64.800048828125,199.12503051757812,0.47885942459106445
MOT17-09-FRCNN,243,261,1,1.0259037474163506,0.057396662748126936,1.1825477956963963,2.3684568174833855,2.0028423596093328,0.18086473222879754,49.050888077333106,1,1913.3352254636923,531.5880975923418,70.08035769100906,194.3719316934266,1913.5263668012292,532.0157362653757,70.05688938146295,194.39017502783554,1912.9500122070312,533.9250183105469,72.9000244140625,193.72503662109375,0.5112032890319824
MOT17-10-FRCNN,50,296,2,9.229289033961964,0.13838430823248493,3.0912287027941634,5.623883180399652,1.8193034942112891,0.1003278076326689,79.3707586802998,1,524.6082837273584,389.85676587851646,45.775190964396465,144.31756024687823,525.3464704643542,387.6358145834739,46.60322047507117,143.031658139019,525.8250122070312,378.6750030517578,45.9000244140625,142.42501831054688,0.5549793243408203
MOT17-10-FRCNN,73,299,1,2.041585864587877,0.1017997570009217,2.419611776333143,2.1170577693604797,0.8749576233956111,0.26741638564177156,14.960638843147969,1,712.0209843076784,350.2971129677319,25.336336381698374,73.39334374314828,712.9255319993259,350.6452007736166,25.61554066396343,72.37263286593145,712.8000183105469,352.265625,25.64996337890625,65.64373779296875,0.3091280460357666
MOT17-10-FRCNN,73,295,1,1.8602231900048671,0.11728425511279639,2.2297598182554763,1.7956991934376545,0.8053330133299187,0.0,53.64492104243702,1,752.1589676389019,350.37168331500243,26.331977096646284,75.61369877125952,753.9511599405391,349.6571795275987,27.11897444623355,75.39838595477681,752.625,348.63751220703125,27.0,73.57501220703125,0.5964510440826416
MOT17-10-FRCNN,90,299,1,1.9752333370233988,0.09276862119964058,1.9535722688584647,2.1118811356556124,1.081035582517586,0.0,37.40796838697303,2,710.8395070326916,350.69341732750047,25.890404495668438,72.49753776737234,709.9299653080636,350.6765407202936,26.22056439239168,73.50949155874025,708.75,351.00001525878906,27.0,72.89999389648438,0.5595624446868896
MOT17-10-FRCNN,93,301,25,5.624932368565838,0.14369488467763603,2.3172151895519213,0.2712263351150297,0.11704840203791197,0.0,103.08312668243764,1,175.12138066886794,323.8971592265468,29.226365975370346,82.61311709443748,182.64416192829893,328.82148766085686,27.974778724380883,77.62210802732307,180.94219207763672,327.37501525878906,29.278121948242188,78.97500610351562,0.47534704208374023
MOT17-10-FRCNN,94,293,2,3.519598669100904,0.05722062315257226,1.0572880465794345,1.6992116687618963,1.60714166234947,0.6754102307496967,11.608704545052866,1,1217.0223555275707,393.86094226980333,65.22863061281433,200.85700049906654,1214.5705249141918,391.5528990474438,63.69239542719788,200.66434997581086,1213.6500244140625,393.4406280517578,64.800048828125,194.56875610351562,0.1469435691833496
MOT17-10-FRCNN,100,305,1,1.3794223072772198,0.08573155401243815,1.9008998125915098,1.2445805855808985,0.6547323416714704,0.0,31.942257715238117,1,1046.0816582853088,359.5737719717057,18.717230941221484,50.611898528025776,1046.227306020099,359.2944740710937,17.999245904946747,46.19526199142001,1046.2500610351562,358.34063720703125,18.9000244140625,47.41876220703125,0.5915822982788086
MOT17-10-FRCNN,101,295,1,1.7075361845234793,0.11059505303320882,2.390723771042116,3.1292303122478975,1.308905006153792,0.09325002603584173,22.062910265971368,1,738.8759050118381,368.1619814742572,25.655922852772544,68.08166296568986,740.7005051909522,367.1360216787008,25.38056761521989,68.95458786362428,741.8250122070312,367.1156311035156,25.6500244140625,71.04376220703125,0.5825958251953125
MOT17-10-FRCNN,106,305,1,1.1673635101729558,0.12227192589144686,2.3735193349328894,2.352102076073033,0.9909765812544089,0.0,31.459805493107073,1,1049.9163069558822,350.14338403923824,18.950388339054143,47.74550511452266,1048.3120534273712,348.4019458546732,18.95295318689341,47.0982436377202,1047.6000366210938,349.73439025878906,18.9000244140625,47.756256103515625,0.5041887760162354
MOT17-10-FRCNN,107,305,1,1.1756611381244737,0.021414616455479152,2.35494234051382,2.271321160499927,0.9644911985421911,0.0,32.16327955269886,1,1047.6668424802986,349.8599614255388,18.94352457607817,47.85078372960306,1045.5979492409722,349.43171625093754,18.950077933217926,47.686597274999144,1045.5750122070312,348.9750061035156,18.9000244140625,48.5999755859375,0.12861591577529907
MOT17-10-FRCNN,112,305,1,1.216774921205065,0.10495125536750527,2.983163743314706,2.499665109219128,0.8379242054080664,0.0,33.51659719344305,1,1036.0767460739644,353.85753679955644,20.102919917909,50.62861580252871,1034.9184317956112,354.6435302971522,19.60305379576448,50.640929429521975,1034.1000061035156,355.38751220703125,20.24993896484375,50.625,0.5037393569946289
MOT17-10-FRCNN,143,295,1,1.7884089450810392,0.14026238197508856,2.0591494395366112,1.738173857853902,0.8441222499349338,0.10926532661525294,30.084666019279172,1,660.3971041067265,378.7984571201738,25.690352440892134,72.51593739249579,658.6502792615663,378.9954247097568,26.232975881776383,73.3655496755631,659.4750366210938,377.32501220703125,23.625,70.875,0.17823779582977295
MOT17-10-FRCNN,158,308,1,1.9383144795957692,0.06406391334486572,3.3902060467008734,2.9707541822091734,0.8762754066526773,0.0,316.3043768850834,1,79.00030811657655,373.8056925748613,46.089159282730826,114.24710627392362,81.78063259395833,371.81440752916257,44.0429068976573,111.94389033251696,80.51484298706055,371.25,45.857810974121094,111.375,0.47653770446777344
MOT17-10-FRCNN,160,308,1,1.8654147797609328,0.11914753590044636,2.4709350802534398,4.60747765528345,1.8646696516247074,0.0,316.1962602165183,1,79.30333921474922,370.10811034026636,45.873584556971366,114.47682749086633,80.7520591158571,367.74017457972394,45.97720177568249,113.7168723813079,81.06328201293945,365.8500061035156,43.748435974121094,105.29998779296875,0.5528690814971924
MOT17-10-FRCNN,170,295,1,2.0224335441881176,0.05812020674378904,2.040683982718288,2.908030859125309,1.4250275318237533,0.0,39.86951337882824,1,641.8529529641619,387.77718948297826,28.785110052198036,80.11354377698856,643.5473115482415,387.0102769190122,28.39710793005429,78.59554314463935,643.9500122070312,385.7624969482422,28.3499755859375,78.97500610351562,0.5711545944213867
MOT17-10-FRCNN,172,308,2,2.4266234965822124,0.041541361025002055,1.8299635987846607,1.7382850852415257,0.9499014550868543,0.0,280.80815502043185,1,87.55672138042318,367.1078070530885,39.223249441676735,102.43107585742861,86.23176546246802,364.6826884469032,39.33483833623933,102.86982558854822,85.8515625,364.078125,38.390625,104.79376220703125,0.5272951126098633
MOT17-10-FRCNN,172,305,1,1.5846086506899333,0.03517267838959537,2.6125453944765717,1.6900897973668865,0.6469130836693076,0.0,26.28156805191455,1,1070.0579134188688,376.9801656047155,20.59886723117434,53.95320702840897,1070.116832841091,375.58379147262355,20.61339332447278,52.67099797335163,1069.875,375.3000030517578,20.25,53.324981689453125,0.5356495380401611
MOT17-10-FRCNN,173,308,1,1.7524200723092598,0.13171857043297464,1.5611938482974719,5.596164040720037,3.5845414371974496,0.0,279.73706487648593,1,85.5824306643854,364.01908219817517,38.6034560108103,104.30953258060289,84.44468051499938,363.0301409428677,39.20738931052972,103.89789401994881,85.4296875,358.4250030517578,37.37812805175781,101.92501831054688,0.5870332717895508
MOT17-10-FRCNN,175,308,1,1.7281304857312438,0.1469352954755182,2.033078887484641,4.9396844524220604,2.4296570501174797,0.0,272.53136894503206,1,85.12566149464675,358.25919714828814,37.96315261447394,104.19423242812728,84.53192159534282,357.0524871211125,38.12319186885023,103.7964825842115,82.56093788146973,354.0375061035156,39.234371185302734,101.25,0.5938148498535156
MOT17-10-FRCNN,176,308,1,1.7165725170132953,0.12729482477163823,2.9921828493072944,3.4478976395491463,1.1523017854164066,0.005269595056203006,267.6599741236167,1,82.69625588620676,354.7097481951711,38.79011907849277,102.50800246833238,82.65397016970816,354.21699995008254,38.18541289141106,103.19597254678808,84.33281326293945,351.6750030517578,38.55937957763672,100.57498168945312,0.5736269950866699
MOT17-10-FRCNN,177,308,1,1.697189370341647,0.12594861628756415,3.272434293261771,2.6557006662822937,0.8115367424643527,0.010851016668649073,263.04697778352266,1,84.06871545109236,352.09404635547855,38.65006561466452,101.3373010986007,83.61751546678015,351.6704380835822,38.467779102543744,102.6798453316868,82.7085952758789,354.37501525878906,41.80781555175781,102.60000610351562,0.5818023681640625
MOT17-10-FRCNN,187,291,1,1.8510650744397152,0.1082515779294011,5.070338785790106,3.1054347909019886,0.6124708667604489,0.4307224709930226,22.373252685990874,3,1192.3299726668217,363.1927059204954,38.30819611803007,96.54966085468942,1194.2295157310875,361.2557021748867,38.45348709749578,99.39538840186253,1192.7250366210938,360.1125030517578,37.7999267578125,95.85000610351562,0.29692506790161133
MOT17-10-FRCNN,192,307,1,1.733143642451186,0.08469367993785937,1.8677485712493473,3.0024776560859388,1.607538456890675,0.10089296453496728,19.149955364574836,1,779.8914800297964,349.03795870298114,22.48693842860284,64.41338544954296,780.0694036750755,350.36207349857716,22.101000037409904,64.80352026152354,780.3000183105469,352.01251220703125,22.95001220703125,63.45001220703125,0.5928397178649902
MOT17-10-FRCNN,223,307,1,1.7898347315322283,0.1434317821331046,2.213674031820653,1.1460775313333889,0.5177264199060007,0.04277666267246345,34.29815613375547,1,741.3707125868265,334.92406278782835,24.604464775711723,69.03076034688985,741.0594782604946,337.0271322786844,24.523988524440938,68.3802554521377,741.8250122070312,333.8718719482422,24.300048828125,68.00625610351562,0.5099287033081055
MOT17-10-FRCNN,297,324,1,1.6391138707333515,0.14300952574237824,3.0867969939213866,0.625526955852421,0.20264596508426938,0.0,45.16498479378827,2,676.2338239979654,382.6350714782615,18.873714768048764,52.85113448240445,677.1116148831572,382.0525934797657,18.20840080330504,52.81300899895393,676.0125122070312,382.0500030517578,16.875,51.300018310546875,0.15088552236557007
MOT17-10-FRCNN,298,323,1,1.8239952851772643,0.11441231116017914,2.7354432694221744,2.235866665271527,0.8173690495668088,0.0,26.354542792219636,1,721.0399071659613,378.52728327356806,15.20843461469066,45.69835241917531,723.5977653225366,377.5082871555202,15.339200277613145,46.04265434495289,722.9250183105469,377.32501220703125,14.85003662109375,44.54998779296875,0.5139999389648438
MOT17-10-FRCNN,300,323,1,1.7858442124900291,0.13781021929057902,2.7992667618556704,1.6429767283457997,0.5869311030780964,0.0,25.881749915201784,1,724.867632367545,378.22951429884586,14.873454487457376,46.01488805081887,726.230704794993,378.13687290802244,15.017534856544671,45.56868497063408,725.625,379.68751525878906,14.8499755859375,45.225006103515625,0.5839419364929199
MOT17-10-FRCNN,306,316,2,2.7614186153712352,0.1286346113581296,2.543607025187905,2.35843500351134,0.9272010102807113,0.0,85.75925714648898,1,1064.261133767612,445.18582325060106,77.44339776589115,119.83105201525785,1064.960899670496,445.9196451066444,77.78725724380274,118.41969017655288,1067.8500366210938,442.125,76.9500732421875,118.79998779296875,0.4145808219909668
MOT17-10-FRCNN,314,323,1,1.833699824679911,0.10454201996003953,3.365050053629954,1.097965831892659,0.3262851411996856,0.034448425298582726,20.18215004988038,1,719.9161944895858,366.1764312566669,16.54755842734642,48.951533737031,718.770275833447,365.1639530770524,16.610995315308855,48.44038444095759,718.8750305175781,366.52500915527344,17.54998779296875,49.949981689453125,0.4702460765838623
MOT17-10-FRCNN,324,316,2,2.8098450507211368,0.13488919139733624,4.440294874455412,4.368492556632125,0.9838293807385724,0.0,84.68814677378258,5,1092.9720124150965,431.6464803624802,82.96219762997868,132.6577738652412,1102.9920177687782,428.94097421637537,82.51231696270497,131.7050067279439,1099.5750122070312,425.9250030517578,85.0499267578125,140.39999389648438,0.13569027185440063
MOT17-11-FRCNN,50,334,1,1.334543845272229,0.08591543141701963,1.6893706195748068,4.580050928674144,2.7110989593431456,0.17701169825831325,60.33001328819751,1,648.3591097368078,427.68717485186994,77.06678885699512,221.6669401148438,646.1971120378307,427.4968349174518,76.37850131318282,223.0777797532155,648.0000305175781,432.2531280517578,76.95001220703125,215.49374389648438,0.23011493682861328
MOT17-11-FRCNN,51,334,1,1.3688142352406563,0.10668412389400683,2.0912090584202265,3.20734145025934,1.5337258785031658,0.1935439061379088,54.45866841811629,2,647.1938537170222,430.8521071256376,77.08171007144975,217.75591240676303,645.0615119401928,432.2918806213146,77.44235212519834,221.22995400485758,647.6625061035156,434.0250244140625,83.02496337890625,211.2750244140625,0.2718009948730469
MOT17-11-FRCNN,52,334,1,1.360870748740158,0.14291077349446302,2.528699611535912,3.485992465924184,1.378571203167473,0.2000363187222733,49.10478744711404,3,646.3738703539443,433.0344440724681,80.96571102717516,213.58599821517785,645.4962760185524,435.46311047721576,78.37140331853993,217.66961691226152,644.625,436.0500030517578,86.4000244140625,204.52499389648438,0.4807887077331543
MOT17-11-FRCNN,53,334,1,1.3803414969397558,0.10689242750514893,3.0817886496361115,4.956169549388776,1.6082120199819627,0.19239796145059077,47.14943290015983,4,643.6203249377992,434.29015042023025,84.46307602747568,207.68774537029338,642.1357576697264,435.8576731080417,80.83683237536684,213.0098853307448,639.2250061035156,432.0,83.70001220703125,203.8499755859375,0.3546309471130371
MOT17-11-FRCNN,94,341,1,1.5667677537770341,0.12318023833635161,3.4070788814072044,5.548153244430071,1.6284193696562002,0.39259608413831376,31.48062380190148,2,1151.9213776324639,412.70134735279737,78.79220995689609,234.86513627062385,1150.2501725644918,410.66553455726205,80.77436394850929,236.72563795150586,1152.9000244140625,418.1625061035156,75.60009765625,232.20001220703125,0.3432655334472656
MOT17-11-FRCNN,95,341,1,1.6831492318859829,0.09055641766930767,3.8930022310503736,4.322941984506926,1.110439123313975,0.42568464151522795,28.85907078262605,1,1151.6710386185844,416.6890989582402,76.64640566926032,233.53700544167614,1150.62820538816,416.08000422426807,79.15666262276955,235.87422949927748,1147.5,417.8249969482422,78.300048828125,232.19998168945312,0.2638263702392578
MOT17-11-FRCNN,182,344,1,2.7034113029989064,0.13081880253132538,6.051740908812411,1.8067572705561286,0.2985516560904266,0.24443616492153147,69.35028821494461,1,1179.6803645208747,482.40529996784494,73.55179984462947,199.58817890293,1179.1628898833123,475.9836061756353,72.33101262153832,202.0824118142615,1180.5750122070312,483.9750061035156,76.9500732421875,203.17498779296875,0.2989072799682617
MOT17-11-FRCNN,201,346,1,3.072597564306839,0.11711526070254741,3.1092937090874337,2.608132776147481,0.8388184006305915,0.15816861101399385,65.10347541173309,1,1011.2850353492199,521.3026632669511,62.310696171388486,185.39172264570263,1011.4765759221488,519.4783225505254,63.14888275925546,178.3371751134228,1013.8500366210938,521.7750244140625,63.4500732421875,187.6500244140625,0.5209591388702393
MOT17-11-FRCNN,221,350,2,3.648831058461428,0.0645706783123634,6.4343736396193245,4.255738232648394,0.6614067617155313,0.005534943474313318,189.28052827403806,1,1731.8745236562413,545.7659775460337,112.3927733993113,279.8120713858429,1730.9900655986366,537.0984110667877,113.89830168382377,278.21970123241704,1729.3500366210938,537.6374969482422,110.7000732421875,267.9750061035156,0.4720478057861328
MOT17-11-FRCNN,280,354,1,1.0430431684252575,0.0864880072495503,4.190675579282019,6.382999497769996,1.5231433159193828,0.05218796846148385,88.86347451761034,1,1229.2605921317856,380.75273001093336,67.35300248504291,199.66298871105016,1226.910654712639,379.5875595611029,66.2271157926557,199.2346479159977,1225.1250610351562,375.890625,66.1500244140625,199.96875,0.10532140731811523
MOT17-11-FRCNN,299,331,1,3.9935393792192735,0.1278262530529667,13.551803653946667,10.029736963631324,0.7401034740280038,0.2875314785187974,45.28000471622295,1,792.512700408261,410.22379498093903,177.9236719931979,463.47459503466627,795.2215546504368,412.6988826386663,171.99837397280317,447.1036804023174,785.0249938964844,416.89686584472656,184.95001220703125,436.55621337890625,0.34331417083740234
MOT17-11-FRCNN,325,367,1,1.4494946281366874,0.13396481963820983,3.5095254748761286,3.8449185055172266,1.095566489840891,0.0,355.1060380153826,1,1753.4222408065418,385.3451952066442,29.986225608253346,96.00966429582161,1751.3518697101383,387.42830230855174,30.950583593390547,97.42654602278299,1749.6000366210938,385.76251220703125,32.4000244140625,98.54998779296875,0.5940585136413574
MOT17-11-FRCNN,326,365,1,1.636095420487326,0.08587144533415536,4.931850494699614,5.4688949892349195,1.1088931011011955,0.0,59.454815426550816,1,1394.6040572734248,376.9221003403967,31.31623622463947,88.54541874454816,1390.3469966119226,377.6808611603927,31.453878196438836,87.36675702531818,1389.1500244140625,377.32501220703125,29.699951171875,88.42498779296875,0.23435437679290771
MOT17-11-FRCNN,330,362,1,1.6870810696999576,0.07175989185820619,7.612045102622789,5.374208369194639,0.706013731755598,0.02807483552475289,94.47488300139919,1,1223.0741406020736,380.81369680209104,37.94815420597204,107.07431509111134,1216.3548589269349,381.0514522124256,38.224982984394046,109.02650500883885,1217.7000122070312,380.7843780517578,39.1500244140625,109.18124389648438,0.5580530166625977
MOT17-11-FRCNN,331,362,1,1.678911417441881,0.08198059143489533,7.060927919397319,6.042390858691558,0.8557502537438879,0.03678091479200623,91.63290873981953,1,1217.4236314216494,380.45852180775614,38.77749425976221,108.34682794097422,1212.529975684377,380.87734444564325,38.286075739114494,108.5887209678699,1211.6250610351562,378.75938415527344,39.1500244140625,105.80624389648438,0.1493281126022339
MOT17-11-FRCNN,334,364,1,1.6874348792169742,0.09284453989192476,4.887343169718244,2.517796753628651,0.5151667616116677,0.0,275.07453164205583,1,1406.3013334598047,380.07805318508633,31.82541342866839,94.8245844610912,1406.2011056425913,379.8816007302501,31.679821156219987,95.6482624001037,1405.3500366210938,377.74688720703125,32.4000244140625,93.65625,0.4467742443084717
MOT17-11-FRCNN,334,365,1,1.5664171641496905,0.12692979968741125,2.977041928360851,1.8399895676477789,0.6180596753169918,0.0,233.05557872099934,1,1363.101340172118,380.409743842114,33.31938789875164,97.5904890512925,1364.656919029953,379.8345307226529,33.71369131193978,98.21842019580004,1362.8250122070312,378.5906219482422,32.4000244140625,97.36874389648438,0.36043405532836914
MOT17-11-FRCNN,347,365,2,2.8476885416267645,0.10153275926863048,9.709250059374158,9.690963005992696,0.9981165328661191,0.0,225.74694774080612,1,1443.1610473868225,385.1313916791991,34.62496240887527,100.89614037932677,1461.8282228012527,385.2356394804743,34.416652329141016,99.53780780139266,1462.0499877929688,389.4750061035156,35.0999755859375,95.8499755859375,0.43941259384155273
MOT17-11-FRCNN,353,371,1,2.1686422521150255,0.12150865585980486,9.515944680255343,10.279658890234534,1.080256268362281,0.0027725706088220356,31.440320828426508,1,1906.495673158042,409.7735562860398,29.910412080306795,95.55879960543116,1915.2068000629595,410.33986246528355,31.09188224264244,98.77242995947654,1915.6500244140625,414.45001220703125,29.699951171875,97.875,0.5809307098388672
MOT17-11-FRCNN,399,377,1,2.8202933161796473,0.11008771014126562,6.803995599971053,5.258101228614054,0.7727960947882483,0.14032550032516328,74.86245876261091,1,1006.5837129933926,385.0613369139378,83.70587448009039,238.91588917103837,1005.570731461378,390.8764540531054,82.74344552688115,246.93500525194747,1004.3999938964844,380.27813720703125,83.70001220703125,234.39373779296875,0.40830373764038086
MOT17-11-FRCNN,428,377,1,3.263646595040438,0.08114970098456065,3.3655271967697975,5.242430231649,1.5576847029138963,0.14572388607189257,69.3952796132081,2,995.6339965992396,358.3678288725826,72.68007416042659,221.93409314376368,993.6970271731358,358.3002751718622,77.15494518412675,226.490947467772,991.5750427246094,355.0500030517578,74.25006103515625,224.10000610351562,0.4239499568939209
MOT17-11-FRCNN,429,377,1,3.234349523407141,0.0912980455160749,3.444100974591201,1.4530267848227523,0.4218885554002144,0.15647538137583192,66.17206467980694,2,992.3527593324836,356.0072562124175,73.5361543035499,223.28347709162463,987.7316914444692,354.98295253511054,75.23879716252509,225.10281524183426,990.9000244140625,355.97813415527344,74.25,227.64376831054688,0.4139237403869629
MOT17-13-FRCNN,15,406,1,0.9586535791797782,0.13475058723335642,4.031090087636835,2.181366140406265,0.5411355472050632,0.25245586482051247,14.219097685229658,1,1334.4603682221257,561.09087419351,24.226977058495926,68.46380499182425,1330.9802224380633,561.2886566045229,23.703921302258095,69.13961495888839,1332.4500122070312,561.9375305175781,22.9500732421875,68.17498779296875,0.219757080078125
MOT17-13-FRCNN,44,398,1,1.126134047683379,0.11916557367989433,14.218254345184487,14.459502295422858,1.0169674802814368,0.2867042394975571,25.36851379533687,1,1085.8821818459624,601.7903785536937,39.866382593642776,111.62915725769297,1073.3308779283846,602.4125468355485,39.12688428892034,111.7755540072219,1071.9000244140625,605.4750061035156,39.14990234375,112.04998779296875,0.470883846282959
